Algorithm,Baseline,originalTitle,originalCategory,Language_50,Reference_50,Religion_50,Science_50,Arts_50,Entertainment_50,Business_50,Society_50,Life_50,People_50,Universe_50,Nature_50,Concepts_50,History_50,Technology_50,Culture_50,Mathematics_50,Sports_50,Politics_50,Geography_50,Humanities_50,World_50,Education_50,Philosophy_50,Law_50,Events_50,Health_50
bloomfilter,BigBaseline02,Angelic tongues,Language_50,0.06,0.08,0.02,0.02,0.04,0.06,0.04,0.02,0.06,0.1,0.04,0.08,0.12,0.08,0.02,0.08,0.04,0.08,0.1,0.14,0.1,0.04,0.36,0.4,0.48,0.04,0.18
bloomfilter,BigBaseline02,Arendalsk,Language_50,0.04,0.08,0.04,0.04,0.0,0.1,0.06,0.08,0.06,0.04,0.04,0.0,0.1,0.0,0.02,0.04,0.0,0.0,0.08,0.08,0.08,0.02,0.1,0.08,0.12,0.04,0.1
bloomfilter,BigBaseline02,Baenan language,Language_50,0.0,0.02,0.02,0.02,0.04,0.04,0.0,0.04,0.02,0.0,0.04,0.0,0.02,0.0,0.0,0.02,0.04,0.0,0.04,0.04,0.04,0.02,0.08,0.04,0.06,0.02,0.02
bloomfilter,BigBaseline02,Bangladeshi English,Language_50,0.1,0.1,0.12,0.02,0.12,0.12,0.08,0.18,0.08,0.14,0.16,0.08,0.16,0.04,0.02,0.04,0.06,0.08,0.18,0.16,0.26,0.16,0.6,0.54,0.62,0.12,0.1
bloomfilter,BigBaseline02,Communication theory,Language_50,0.04,0.06,0.14,0.04,0.04,0.12,0.04,0.16,0.08,0.2,0.14,0.08,0.1,0.08,0.02,0.02,0.04,0.02,0.1,0.02,0.36,0.06,0.76,0.8,0.86,0.08,0.08
bloomfilter,BigBaseline02,Complex text layout,Language_50,0.04,0.02,0.04,0.02,0.08,0.1,0.02,0.12,0.04,0.14,0.04,0.02,0.12,0.0,0.0,0.02,0.04,0.02,0.08,0.04,0.2,0.04,0.44,0.52,0.64,0.08,0.02
bloomfilter,BigBaseline02,Cooperative principle,Language_50,0.1,0.18,0.04,0.06,0.12,0.16,0.12,0.12,0.06,0.12,0.08,0.1,0.22,0.12,0.02,0.02,0.08,0.12,0.22,0.12,0.42,0.08,0.66,0.7,0.78,0.02,0.12
bloomfilter,BigBaseline02,Discourse-completion task,Language_50,0.0,0.06,0.02,0.02,0.02,0.14,0.06,0.12,0.04,0.06,0.06,0.04,0.12,0.06,0.02,0.04,0.04,0.02,0.06,0.02,0.1,0.06,0.36,0.4,0.46,0.02,0.06
bloomfilter,BigBaseline02,Donor principle,Language_50,0.06,0.04,0.02,0.02,0.06,0.08,0.04,0.08,0.02,0.04,0.08,0.06,0.06,0.04,0.0,0.04,0.02,0.02,0.06,0.04,0.06,0.06,0.26,0.24,0.3,0.04,0.06
bloomfilter,BigBaseline02,IETF language tag,Language_50,0.02,0.04,0.14,0.08,0.14,0.12,0.0,0.2,0.06,0.18,0.1,0.06,0.18,0.02,0.0,0.04,0.02,0.02,0.12,0.1,0.34,0.0,0.8,0.86,0.92,0.16,0.04
bloomfilter,BigBaseline02,Koalang,Language_50,0.1,0.08,0.06,0.0,0.04,0.06,0.1,0.04,0.02,0.08,0.04,0.04,0.1,0.06,0.0,0.04,0.02,0.04,0.1,0.08,0.1,0.02,0.36,0.4,0.46,0.02,0.08
bloomfilter,BigBaseline02,Linguistic turn,Language_50,0.08,0.16,0.08,0.04,0.08,0.1,0.02,0.16,0.12,0.24,0.02,0.02,0.18,0.12,0.1,0.0,0.12,0.1,0.34,0.1,0.4,0.08,0.7,0.76,0.86,0.06,0.1
bloomfilter,BigBaseline02,Minan-ur-Rahman,Language_50,0.1,0.08,0.06,0.06,0.16,0.16,0.0,0.2,0.1,0.22,0.1,0.12,0.14,0.04,0.1,0.1,0.06,0.12,0.22,0.18,0.28,0.04,0.68,0.72,0.86,0.1,0.08
bloomfilter,BigBaseline02,Mock language,Language_50,0.1,0.18,0.08,0.04,0.22,0.22,0.1,0.22,0.12,0.16,0.26,0.14,0.24,0.1,0.06,0.14,0.16,0.14,0.26,0.18,0.3,0.18,0.7,0.74,0.88,0.08,0.22
bloomfilter,BigBaseline02,Oracy,Language_50,0.02,0.02,0.02,0.02,0.02,0.02,0.02,0.02,0.02,0.02,0.02,0.02,0.02,0.0,0.0,0.02,0.0,0.0,0.02,0.02,0.02,0.02,0.1,0.08,0.1,0.02,0.02
bloomfilter,BigBaseline02,Oroqen language,Language_50,0.0,0.0,0.0,0.0,0.0,0.0,0.0,0.02,0.0,0.0,0.0,0.0,0.02,0.0,0.0,0.02,0.02,0.0,0.04,0.04,0.02,0.0,0.06,0.1,0.12,0.0,0.02
bloomfilter,BigBaseline02,Plato's Problem,Language_50,0.02,0.06,0.04,0.02,0.04,0.14,0.0,0.12,0.04,0.12,0.04,0.04,0.12,0.02,0.04,0.0,0.04,0.02,0.18,0.08,0.3,0.04,0.8,0.96,0.96,0.06,0.04
bloomfilter,BigBaseline02,Presidential Statement,Language_50,0.02,0.02,0.0,0.0,0.02,0.0,0.02,0.02,0.0,0.04,0.0,0.02,0.02,0.0,0.0,0.02,0.02,0.0,0.02,0.02,0.04,0.0,0.12,0.14,0.16,0.02,0.02
bloomfilter,BigBaseline02,Speech-to-text reporter,Language_50,0.14,0.14,0.24,0.12,0.22,0.24,0.14,0.26,0.14,0.28,0.18,0.08,0.32,0.2,0.1,0.1,0.1,0.12,0.2,0.18,0.4,0.04,0.62,0.64,0.9,0.16,0.18
bloomfilter,BigBaseline02,Total loss,Language_50,0.1,0.04,0.18,0.16,0.2,0.24,0.06,0.36,0.14,0.22,0.16,0.14,0.08,0.06,0.1,0.1,0.18,0.08,0.16,0.2,0.36,0.08,0.82,0.76,0.8,0.18,0.02
bloomfilter,BigBaseline02,Turn construction unit,Language_50,0.06,0.12,0.08,0.0,0.06,0.08,0.04,0.1,0.02,0.14,0.08,0.06,0.16,0.04,0.04,0.06,0.04,0.04,0.18,0.08,0.26,0.04,0.56,0.62,0.7,0.08,0.08
bloomfilter,BigBaseline02,Vulgar Latin vocabulary,Language_50,0.18,0.16,0.14,0.1,0.12,0.06,0.1,0.06,0.12,0.18,0.0,0.08,0.18,0.14,0.08,0.16,0.1,0.1,0.18,0.22,0.32,0.14,0.54,0.46,0.6,0.16,0.22
bloomfilter,BigBaseline02,Dini Ya Msambwa,Religion_50,0.08,0.04,0.06,0.02,0.2,0.16,0.0,0.16,0.1,0.12,0.1,0.12,0.08,0.02,0.06,0.02,0.16,0.1,0.2,0.18,0.34,0.22,0.84,0.76,0.9,0.1,0.1
bloomfilter,BigBaseline02,Earthseed,Religion_50,0.12,0.16,0.02,0.1,0.16,0.14,0.06,0.22,0.1,0.14,0.1,0.14,0.12,0.2,0.04,0.06,0.14,0.14,0.28,0.24,0.34,0.1,0.84,0.74,0.84,0.04,0.14
bloomfilter,BigBaseline02,Haizidao,Religion_50,0.0,0.0,0.0,0.0,0.0,0.0,0.0,0.0,0.0,0.0,0.0,0.0,0.0,0.0,0.0,0.0,0.0,0.0,0.0,0.0,0.0,0.0,0.02,0.02,0.02,0.0,0.0
bloomfilter,BigBaseline02,Invisible Pink Unicorn,Religion_50,0.08,0.1,0.08,0.04,0.14,0.1,0.06,0.08,0.12,0.12,0.1,0.08,0.16,0.1,0.16,0.02,0.08,0.2,0.2,0.18,0.34,0.16,0.78,0.8,0.82,0.12,0.08
bloomfilter,BigBaseline02,List of apologetic works,Religion_50,0.0,0.0,0.0,0.0,0.0,0.0,0.0,0.0,0.0,0.0,0.0,0.0,0.0,0.0,0.0,0.0,0.0,0.0,0.0,0.0,0.02,0.0,0.08,0.08,0.08,0.0,0.0
bloomfilter,BigBaseline02,Political science of religion,Religion_50,0.0,0.04,0.02,0.0,0.06,0.06,0.0,0.06,0.04,0.04,0.04,0.04,0.02,0.04,0.0,0.02,0.06,0.04,0.06,0.06,0.08,0.04,0.4,0.42,0.44,0.02,0.04
bloomfilter,BigBaseline02,Ptolemaic cult of Alexander the Great,Religion_50,0.12,0.18,0.04,0.02,0.32,0.16,0.1,0.16,0.02,0.14,0.18,0.16,0.14,0.04,0.04,0.02,0.28,0.28,0.28,0.32,0.24,0.24,0.84,0.68,0.76,0.14,0.22
bloomfilter,BigBaseline02,Section 2 of the Canadian Charter of Rights and Freedoms,Religion_50,0.04,0.06,0.04,0.08,0.2,0.16,0.04,0.18,0.04,0.08,0.18,0.16,0.12,0.06,0.02,0.08,0.18,0.12,0.14,0.16,0.32,0.1,0.78,0.8,0.94,0.08,0.08
bloomfilter,BigBaseline02,Sirotci,Religion_50,0.02,0.0,0.02,0.02,0.06,0.02,0.0,0.06,0.0,0.04,0.02,0.0,0.06,0.02,0.0,0.0,0.08,0.04,0.04,0.06,0.06,0.04,0.18,0.16,0.2,0.02,0.0
bloomfilter,BigBaseline02,United States Ambassador-at-Large for International Religious Freedom,Religion_50,0.02,0.04,0.02,0.02,0.12,0.12,0.06,0.16,0.08,0.12,0.1,0.1,0.06,0.02,0.02,0.06,0.1,0.04,0.12,0.1,0.2,0.06,0.38,0.28,0.38,0.1,0.04
bloomfilter,BigBaseline02,Zindīq,Religion_50,0.06,0.02,0.04,0.02,0.26,0.1,0.0,0.14,0.08,0.16,0.14,0.16,0.08,0.06,0.1,0.0,0.24,0.22,0.3,0.2,0.38,0.14,0.76,0.78,0.82,0.08,0.08
bloomfilter,BigBaseline02,Ancient Aliens,Science_50,0.16,0.2,0.12,0.04,0.16,0.16,0.18,0.28,0.18,0.28,0.1,0.12,0.12,0.14,0.12,0.12,0.1,0.1,0.26,0.26,0.3,0.14,0.74,0.76,0.76,0.1,0.1
bloomfilter,BigBaseline02,Antiquarian science books,Science_50,0.02,0.04,0.04,0.0,0.08,0.06,0.04,0.04,0.02,0.06,0.06,0.02,0.0,0.0,0.02,0.0,0.0,0.0,0.06,0.08,0.1,0.02,0.34,0.3,0.34,0.04,0.0
bloomfilter,BigBaseline02,Apollo's Arrow,Science_50,0.0,0.0,0.06,0.02,0.04,0.08,0.02,0.1,0.06,0.14,0.1,0.02,0.1,0.0,0.1,0.04,0.04,0.02,0.1,0.06,0.22,0.04,0.62,0.64,0.62,0.08,0.02
bloomfilter,BigBaseline02,Aryan race,Science_50,0.1,0.12,0.06,0.06,0.2,0.08,0.06,0.12,0.06,0.14,0.18,0.14,0.1,0.08,0.08,0.06,0.2,0.08,0.16,0.18,0.2,0.2,0.68,0.8,0.86,0.14,0.14
bloomfilter,BigBaseline02,BDORT,Science_50,0.08,0.04,0.14,0.14,0.12,0.16,0.06,0.2,0.14,0.14,0.14,0.04,0.16,0.04,0.06,0.02,0.04,0.02,0.14,0.12,0.42,0.1,0.8,0.78,0.88,0.14,0.02
bloomfilter,BigBaseline02,Body Worlds,Science_50,0.04,0.04,0.04,0.06,0.12,0.08,0.02,0.08,0.08,0.06,0.1,0.1,0.06,0.1,0.02,0.02,0.1,0.08,0.14,0.08,0.26,0.06,0.82,0.88,0.92,0.08,0.04
bloomfilter,BigBaseline02,BrainCraft,Science_50,0.06,0.1,0.08,0.0,0.06,0.14,0.06,0.08,0.1,0.04,0.04,0.06,0.04,0.04,0.06,0.08,0.02,0.02,0.06,0.06,0.1,0.04,0.32,0.32,0.3,0.1,0.02
bloomfilter,BigBaseline02,Bully for Brontosaurus,Science_50,0.1,0.12,0.06,0.1,0.14,0.16,0.06,0.16,0.12,0.2,0.04,0.06,0.12,0.08,0.1,0.1,0.12,0.1,0.18,0.1,0.26,0.08,0.36,0.3,0.4,0.08,0.08
bloomfilter,BigBaseline02,Center for Open Science,Science_50,0.0,0.02,0.08,0.04,0.06,0.06,0.0,0.1,0.08,0.04,0.06,0.08,0.02,0.04,0.0,0.02,0.02,0.0,0.1,0.1,0.2,0.02,0.5,0.54,0.56,0.06,0.0
bloomfilter,BigBaseline02,Consilience,Science_50,0.06,0.02,0.06,0.1,0.08,0.12,0.06,0.16,0.1,0.22,0.1,0.0,0.12,0.06,0.12,0.06,0.06,0.06,0.22,0.14,0.36,0.1,0.66,0.88,0.86,0.18,0.02
bloomfilter,BigBaseline02,History and naming of human leukocyte antigens,Science_50,0.04,0.02,0.06,0.24,0.06,0.04,0.02,0.1,0.2,0.1,0.2,0.06,0.08,0.24,0.16,0.08,0.06,0.04,0.12,0.06,0.32,0.06,0.76,0.78,0.88,0.02,0.06
bloomfilter,BigBaseline02,History of pseudoscience,Science_50,0.04,0.06,0.08,0.02,0.08,0.1,0.06,0.1,0.08,0.06,0.08,0.06,0.02,0.0,0.08,0.06,0.06,0.06,0.18,0.1,0.24,0.04,0.82,0.94,0.88,0.1,0.06
bloomfilter,BigBaseline02,How to Build a Dinosaur,Science_50,0.14,0.14,0.1,0.18,0.16,0.16,0.16,0.16,0.26,0.24,0.18,0.1,0.1,0.28,0.16,0.08,0.06,0.08,0.32,0.28,0.42,0.22,0.78,0.74,0.74,0.1,0.1
bloomfilter,BigBaseline02,Ibn al-Haytham,Science_50,0.02,0.0,0.04,0.0,0.1,0.08,0.02,0.12,0.1,0.2,0.06,0.0,0.02,0.02,0.16,0.04,0.08,0.04,0.22,0.1,0.36,0.06,0.8,0.98,0.82,0.08,0.02
bloomfilter,BigBaseline02,In the Name of Science,Science_50,0.0,0.02,0.02,0.02,0.02,0.02,0.0,0.02,0.0,0.02,0.02,0.02,0.0,0.0,0.0,0.0,0.02,0.0,0.02,0.02,0.02,0.0,0.18,0.16,0.16,0.0,0.0
bloomfilter,BigBaseline02,Ion interaction chromatography,Science_50,0.0,0.0,0.02,0.08,0.04,0.04,0.0,0.08,0.06,0.04,0.04,0.0,0.02,0.04,0.06,0.0,0.0,0.0,0.04,0.0,0.1,0.0,0.1,0.16,0.16,0.04,0.0
bloomfilter,BigBaseline02,List of rectores magnifici of the Eindhoven University of Technology,Science_50,0.0,0.0,0.0,0.02,0.02,0.02,0.0,0.0,0.02,0.0,0.0,0.0,0.0,0.0,0.0,0.0,0.02,0.0,0.02,0.0,0.0,0.02,0.02,0.06,0.06,0.0,0.02
bloomfilter,BigBaseline02,Long-range locator,Science_50,0.04,0.0,0.18,0.02,0.08,0.06,0.08,0.18,0.14,0.14,0.14,0.04,0.08,0.08,0.12,0.1,0.08,0.06,0.18,0.14,0.3,0.08,0.72,0.82,0.78,0.14,0.02
bloomfilter,BigBaseline02,Neuralgia-inducing cavitational osteonecrosis,Science_50,0.04,0.1,0.06,0.16,0.04,0.04,0.06,0.1,0.14,0.08,0.1,0.08,0.16,0.08,0.12,0.08,0.02,0.02,0.12,0.1,0.1,0.06,0.36,0.3,0.3,0.1,0.04
bloomfilter,BigBaseline02,Quasi-empirical method,Science_50,0.02,0.02,0.04,0.0,0.08,0.1,0.0,0.08,0.1,0.16,0.0,0.04,0.08,0.04,0.1,0.0,0.04,0.04,0.14,0.06,0.28,0.08,0.44,0.58,0.56,0.02,0.0
bloomfilter,BigBaseline02,Scientific Integrity in Policymaking,Science_50,0.02,0.02,0.04,0.06,0.08,0.08,0.02,0.04,0.02,0.04,0.06,0.04,0.04,0.02,0.0,0.02,0.06,0.02,0.1,0.06,0.16,0.0,0.7,0.7,0.76,0.0,0.02
bloomfilter,BigBaseline02,Social studies of finance,Science_50,0.02,0.06,0.04,0.02,0.08,0.12,0.0,0.16,0.06,0.1,0.1,0.1,0.08,0.0,0.02,0.04,0.04,0.04,0.12,0.04,0.22,0.06,0.48,0.5,0.54,0.02,0.06
bloomfilter,BigBaseline02,THE GrEEK CAMPUS,Science_50,0.06,0.04,0.04,0.02,0.04,0.06,0.04,0.04,0.04,0.0,0.02,0.02,0.0,0.0,0.02,0.04,0.0,0.0,0.02,0.02,0.08,0.04,0.16,0.16,0.14,0.04,0.02
bloomfilter,BigBaseline02,The Hunting Hypothesis,Science_50,0.08,0.16,0.08,0.06,0.14,0.1,0.02,0.12,0.18,0.1,0.2,0.16,0.1,0.12,0.16,0.06,0.12,0.1,0.28,0.18,0.22,0.2,0.72,0.84,0.84,0.14,0.14
bloomfilter,BigBaseline02,The World (Descartes),Science_50,0.06,0.02,0.1,0.06,0.14,0.1,0.02,0.16,0.18,0.18,0.1,0.08,0.1,0.08,0.16,0.1,0.12,0.1,0.22,0.2,0.28,0.08,0.7,0.84,0.8,0.14,0.06
bloomfilter,BigBaseline02,Theory of forms,Science_50,0.02,0.02,0.02,0.0,0.06,0.04,0.02,0.08,0.0,0.14,0.02,0.04,0.06,0.04,0.06,0.02,0.06,0.08,0.22,0.1,0.3,0.04,0.86,0.92,0.9,0.08,0.04
bloomfilter,BigBaseline02,University of Valencia Science Park,Science_50,0.04,0.02,0.14,0.06,0.06,0.12,0.04,0.18,0.18,0.12,0.06,0.08,0.04,0.04,0.16,0.1,0.06,0.02,0.16,0.1,0.34,0.06,0.7,0.92,0.8,0.1,0.06
bloomfilter,BigBaseline02,A. W. Mellon lectures,Arts_50,0.0,0.08,0.02,0.0,0.04,0.12,0.0,0.12,0.04,0.1,0.04,0.06,0.06,0.02,0.02,0.02,0.04,0.04,0.12,0.1,0.08,0.04,0.22,0.16,0.22,0.02,0.04
bloomfilter,BigBaseline02,"Arts District (Portland, Maine)",Arts_50,0.02,0.0,0.04,0.06,0.08,0.1,0.04,0.12,0.02,0.04,0.08,0.08,0.04,0.04,0.04,0.06,0.04,0.02,0.1,0.14,0.16,0.04,0.4,0.36,0.34,0.1,0.02
bloomfilter,BigBaseline02,Arts and Crafts movement,Arts_50,0.16,0.14,0.1,0.02,0.04,0.18,0.06,0.2,0.1,0.12,0.06,0.12,0.02,0.02,0.02,0.04,0.06,0.04,0.14,0.08,0.22,0.16,0.78,0.8,0.82,0.08,0.06
bloomfilter,BigBaseline02,Benda Bilili!,Arts_50,0.06,0.08,0.06,0.06,0.06,0.08,0.1,0.1,0.02,0.16,0.08,0.04,0.06,0.04,0.02,0.1,0.08,0.06,0.14,0.2,0.14,0.04,0.52,0.46,0.5,0.08,0.06
bloomfilter,BigBaseline02,Biomechanical art,Arts_50,0.06,0.06,0.08,0.08,0.1,0.14,0.06,0.12,0.08,0.1,0.06,0.08,0.08,0.04,0.1,0.12,0.06,0.02,0.06,0.12,0.1,0.06,0.26,0.3,0.22,0.06,0.06
bloomfilter,BigBaseline02,China International Gallery Exposition,Arts_50,0.0,0.0,0.04,0.0,0.0,0.0,0.02,0.04,0.02,0.04,0.0,0.0,0.0,0.0,0.02,0.0,0.0,0.0,0.04,0.02,0.06,0.02,0.14,0.18,0.16,0.02,0.02
bloomfilter,BigBaseline02,Cliché verre,Arts_50,0.22,0.14,0.14,0.04,0.12,0.14,0.2,0.14,0.06,0.22,0.1,0.1,0.12,0.04,0.06,0.08,0.0,0.1,0.16,0.16,0.28,0.06,0.46,0.38,0.52,0.2,0.08
bloomfilter,BigBaseline02,Conté,Arts_50,0.2,0.12,0.1,0.1,0.06,0.12,0.04,0.14,0.08,0.22,0.08,0.02,0.12,0.02,0.16,0.08,0.0,0.02,0.16,0.12,0.18,0.08,0.34,0.44,0.46,0.08,0.08
bloomfilter,BigBaseline02,Dedication (art),Arts_50,0.08,0.12,0.04,0.0,0.04,0.08,0.08,0.08,0.0,0.1,0.0,0.08,0.04,0.04,0.02,0.02,0.0,0.08,0.1,0.1,0.1,0.02,0.22,0.14,0.24,0.02,0.08
bloomfilter,BigBaseline02,Fiction,Arts_50,0.12,0.14,0.06,0.0,0.04,0.04,0.14,0.12,0.02,0.12,0.0,0.06,0.1,0.08,0.0,0.02,0.0,0.08,0.18,0.14,0.28,0.08,0.84,0.86,0.96,0.06,0.12
bloomfilter,BigBaseline02,First Things First 1964 manifesto,Arts_50,0.08,0.1,0.04,0.02,0.1,0.1,0.06,0.08,0.06,0.06,0.08,0.06,0.06,0.06,0.02,0.02,0.08,0.02,0.08,0.08,0.14,0.08,0.18,0.16,0.2,0.02,0.0
bloomfilter,BigBaseline02,Frame story,Arts_50,0.14,0.14,0.04,0.02,0.02,0.08,0.14,0.0,0.02,0.12,0.06,0.08,0.04,0.06,0.0,0.04,0.02,0.08,0.18,0.14,0.22,0.06,0.84,0.8,0.84,0.04,0.1
bloomfilter,BigBaseline02,Gabriel Villa,Arts_50,0.1,0.06,0.02,0.02,0.04,0.08,0.12,0.1,0.02,0.06,0.08,0.08,0.06,0.02,0.02,0.06,0.04,0.02,0.06,0.14,0.14,0.04,0.26,0.14,0.22,0.1,0.04
bloomfilter,BigBaseline02,Gambier Parry process,Arts_50,0.28,0.2,0.18,0.12,0.02,0.08,0.08,0.14,0.12,0.18,0.08,0.08,0.0,0.14,0.2,0.08,0.06,0.08,0.12,0.12,0.18,0.18,0.38,0.46,0.42,0.14,0.14
bloomfilter,BigBaseline02,History of art criticism,Arts_50,0.08,0.1,0.0,0.0,0.06,0.04,0.06,0.04,0.02,0.1,0.04,0.0,0.0,0.0,0.0,0.0,0.02,0.1,0.12,0.08,0.26,0.08,0.82,0.88,0.96,0.04,0.06
bloomfilter,BigBaseline02,Hypsos,Arts_50,0.06,0.1,0.0,0.0,0.06,0.08,0.1,0.08,0.04,0.08,0.1,0.08,0.04,0.04,0.0,0.0,0.08,0.06,0.16,0.1,0.16,0.04,0.34,0.32,0.34,0.04,0.06
bloomfilter,BigBaseline02,IPhone art,Arts_50,0.1,0.08,0.06,0.0,0.04,0.04,0.1,0.08,0.02,0.08,0.04,0.02,0.02,0.02,0.04,0.08,0.04,0.02,0.1,0.1,0.1,0.06,0.32,0.34,0.36,0.02,0.04
bloomfilter,BigBaseline02,KAIROS Prize,Arts_50,0.0,0.0,0.0,0.0,0.0,0.0,0.0,0.0,0.0,0.0,0.0,0.0,0.0,0.0,0.0,0.0,0.0,0.0,0.0,0.0,0.02,0.0,0.14,0.16,0.16,0.0,0.0
bloomfilter,BigBaseline02,List of bad luck signs,Arts_50,0.02,0.0,0.0,0.0,0.0,0.0,0.02,0.02,0.0,0.0,0.02,0.0,0.0,0.02,0.0,0.02,0.0,0.02,0.02,0.02,0.0,0.0,0.04,0.04,0.04,0.0,0.02
bloomfilter,BigBaseline02,Miniature art,Arts_50,0.08,0.06,0.04,0.0,0.02,0.04,0.02,0.04,0.0,0.1,0.02,0.02,0.04,0.0,0.02,0.02,0.0,0.02,0.06,0.06,0.08,0.0,0.3,0.26,0.32,0.06,0.0
bloomfilter,BigBaseline02,Religious image,Arts_50,0.24,0.24,0.02,0.02,0.2,0.12,0.08,0.14,0.08,0.16,0.16,0.18,0.18,0.12,0.04,0.06,0.12,0.24,0.24,0.34,0.34,0.2,0.8,0.7,0.86,0.1,0.14
bloomfilter,BigBaseline02,"Society for the Arts, Religion and Contemporary Culture",Arts_50,0.08,0.14,0.04,0.0,0.14,0.12,0.08,0.1,0.08,0.06,0.08,0.06,0.04,0.06,0.08,0.06,0.08,0.08,0.16,0.16,0.2,0.08,0.44,0.4,0.4,0.06,0.06
bloomfilter,BigBaseline02,Studio,Arts_50,0.12,0.14,0.14,0.04,0.06,0.14,0.18,0.22,0.08,0.16,0.12,0.12,0.12,0.08,0.06,0.16,0.04,0.02,0.14,0.16,0.3,0.04,0.92,0.84,0.88,0.16,0.14
bloomfilter,BigBaseline02,The Beggars,Arts_50,0.22,0.14,0.08,0.02,0.26,0.08,0.12,0.2,0.06,0.18,0.18,0.16,0.16,0.12,0.08,0.16,0.12,0.18,0.4,0.34,0.36,0.2,0.74,0.58,0.74,0.16,0.18
bloomfilter,BigBaseline02,5.1 surround sound,Entertainment_50,0.1,0.12,0.24,0.04,0.08,0.28,0.18,0.32,0.08,0.18,0.14,0.04,0.08,0.02,0.06,0.1,0.08,0.0,0.24,0.24,0.44,0.04,0.78,0.78,0.76,0.22,0.06
bloomfilter,BigBaseline02,Am I Right,Entertainment_50,0.1,0.12,0.08,0.04,0.06,0.06,0.14,0.1,0.04,0.14,0.08,0.06,0.1,0.12,0.04,0.08,0.02,0.08,0.12,0.12,0.1,0.04,0.8,0.86,0.9,0.04,0.12
bloomfilter,BigBaseline02,Bakutsuri Bar Hunter,Entertainment_50,0.08,0.04,0.1,0.0,0.02,0.04,0.06,0.06,0.06,0.06,0.04,0.02,0.02,0.08,0.04,0.06,0.0,0.02,0.06,0.1,0.1,0.0,0.2,0.18,0.2,0.12,0.06
bloomfilter,BigBaseline02,Drill team,Entertainment_50,0.08,0.04,0.06,0.02,0.16,0.18,0.12,0.16,0.02,0.08,0.1,0.04,0.06,0.06,0.06,0.14,0.14,0.12,0.1,0.18,0.26,0.08,0.74,0.72,0.82,0.16,0.06
bloomfilter,BigBaseline02,Geography of media and communication,Entertainment_50,0.02,0.08,0.12,0.02,0.06,0.12,0.06,0.16,0.08,0.14,0.16,0.1,0.08,0.04,0.08,0.04,0.06,0.02,0.1,0.08,0.14,0.1,0.86,0.9,0.86,0.14,0.08
bloomfilter,BigBaseline02,Intellectual rights to magic methods,Entertainment_50,0.08,0.06,0.06,0.02,0.08,0.02,0.1,0.14,0.08,0.08,0.06,0.04,0.06,0.02,0.04,0.04,0.06,0.08,0.14,0.08,0.3,0.06,0.8,0.86,0.96,0.04,0.04
bloomfilter,BigBaseline02,Kobzar,Entertainment_50,0.16,0.1,0.08,0.04,0.08,0.06,0.12,0.12,0.06,0.12,0.1,0.12,0.12,0.08,0.04,0.0,0.06,0.1,0.16,0.22,0.26,0.1,0.6,0.56,0.58,0.06,0.1
bloomfilter,BigBaseline02,Li's field,Entertainment_50,0.04,0.04,0.08,0.06,0.12,0.14,0.04,0.18,0.08,0.1,0.18,0.04,0.1,0.08,0.12,0.1,0.08,0.06,0.16,0.16,0.22,0.08,0.82,0.76,0.76,0.24,0.02
bloomfilter,BigBaseline02,List of circuses and circus owners,Entertainment_50,0.0,0.0,0.0,0.0,0.0,0.0,0.0,0.0,0.0,0.0,0.0,0.0,0.0,0.0,0.0,0.0,0.0,0.0,0.0,0.0,0.0,0.0,0.08,0.08,0.08,0.0,0.0
bloomfilter,BigBaseline02,List of defunct comic book conventions,Entertainment_50,0.04,0.04,0.02,0.0,0.02,0.0,0.04,0.02,0.02,0.02,0.02,0.02,0.02,0.04,0.0,0.0,0.02,0.0,0.04,0.04,0.02,0.02,0.1,0.1,0.08,0.0,0.04
bloomfilter,BigBaseline02,List of highest-grossing media franchises,Entertainment_50,0.0,0.0,0.04,0.02,0.02,0.02,0.02,0.04,0.02,0.02,0.02,0.0,0.02,0.02,0.0,0.04,0.0,0.0,0.0,0.0,0.06,0.02,0.24,0.32,0.3,0.0,0.02
bloomfilter,BigBaseline02,Moral,Entertainment_50,0.18,0.16,0.02,0.02,0.08,0.18,0.12,0.2,0.04,0.16,0.06,0.1,0.18,0.12,0.04,0.06,0.06,0.12,0.28,0.18,0.32,0.02,0.78,0.72,0.82,0.02,0.12
bloomfilter,BigBaseline02,Music editor (filmmaking),Entertainment_50,0.0,0.0,0.0,0.04,0.02,0.04,0.02,0.04,0.0,0.04,0.02,0.02,0.0,0.0,0.0,0.02,0.0,0.0,0.0,0.0,0.02,0.02,0.18,0.18,0.2,0.0,0.0
bloomfilter,BigBaseline02,Pay card,Entertainment_50,0.08,0.1,0.28,0.16,0.22,0.18,0.18,0.34,0.14,0.24,0.18,0.16,0.14,0.06,0.08,0.24,0.12,0.04,0.24,0.24,0.32,0.0,0.38,0.28,0.42,0.22,0.1
bloomfilter,BigBaseline02,Postman Pat,Entertainment_50,0.2,0.1,0.12,0.02,0.1,0.12,0.16,0.26,0.1,0.16,0.22,0.12,0.12,0.08,0.1,0.1,0.06,0.08,0.16,0.2,0.28,0.12,0.76,0.72,0.82,0.12,0.1
bloomfilter,BigBaseline02,Screen test,Entertainment_50,0.1,0.08,0.14,0.04,0.06,0.16,0.14,0.12,0.08,0.16,0.08,0.08,0.12,0.06,0.04,0.1,0.02,0.1,0.14,0.12,0.18,0.08,0.48,0.44,0.48,0.1,0.08
bloomfilter,BigBaseline02,She-tragedy,Entertainment_50,0.26,0.28,0.1,0.2,0.3,0.18,0.34,0.28,0.12,0.2,0.2,0.26,0.14,0.22,0.02,0.22,0.2,0.28,0.42,0.46,0.36,0.26,0.74,0.56,0.68,0.16,0.28
bloomfilter,BigBaseline02,Single rider,Entertainment_50,0.06,0.02,0.14,0.08,0.14,0.1,0.14,0.24,0.08,0.18,0.06,0.1,0.04,0.08,0.06,0.16,0.06,0.06,0.12,0.22,0.34,0.06,0.64,0.64,0.66,0.14,0.04
bloomfilter,BigBaseline02,Stream of unconsciousness (narrative mode),Entertainment_50,0.08,0.16,0.04,0.02,0.04,0.08,0.06,0.12,0.06,0.1,0.12,0.04,0.08,0.08,0.06,0.0,0.02,0.04,0.14,0.14,0.16,0.06,0.58,0.52,0.52,0.06,0.04
bloomfilter,BigBaseline02,Studio Briefing,Entertainment_50,0.02,0.02,0.06,0.0,0.06,0.08,0.02,0.08,0.06,0.04,0.06,0.0,0.02,0.02,0.0,0.06,0.02,0.02,0.06,0.04,0.08,0.0,0.08,0.06,0.1,0.04,0.02
bloomfilter,BigBaseline02,Tactical media,Entertainment_50,0.04,0.1,0.12,0.1,0.16,0.14,0.04,0.16,0.06,0.1,0.16,0.12,0.08,0.06,0.04,0.1,0.1,0.06,0.12,0.1,0.24,0.1,0.9,0.92,0.92,0.08,0.08
bloomfilter,BigBaseline02,Teen Dance Ordinance,Entertainment_50,0.14,0.14,0.14,0.16,0.3,0.28,0.14,0.3,0.1,0.08,0.28,0.26,0.1,0.14,0.08,0.16,0.24,0.22,0.22,0.34,0.34,0.1,0.9,0.66,0.8,0.12,0.1
bloomfilter,BigBaseline02,Tie-in,Entertainment_50,0.08,0.12,0.06,0.04,0.16,0.16,0.1,0.16,0.04,0.18,0.08,0.12,0.1,0.06,0.06,0.06,0.12,0.04,0.16,0.14,0.26,0.08,0.86,0.8,0.92,0.04,0.08
bloomfilter,BigBaseline02,Topit,Entertainment_50,0.02,0.04,0.04,0.02,0.1,0.06,0.1,0.08,0.08,0.02,0.02,0.02,0.02,0.04,0.02,0.04,0.02,0.02,0.04,0.02,0.06,0.02,0.22,0.22,0.24,0.04,0.0
bloomfilter,BigBaseline02,Adversarial purchasing,Business_50,0.0,0.02,0.06,0.0,0.06,0.0,0.0,0.06,0.0,0.04,0.04,0.02,0.0,0.0,0.02,0.02,0.02,0.0,0.02,0.02,0.08,0.0,0.14,0.2,0.18,0.02,0.0
bloomfilter,BigBaseline02,BEEPS,Business_50,0.0,0.04,0.06,0.06,0.16,0.12,0.0,0.16,0.02,0.08,0.14,0.1,0.08,0.02,0.0,0.08,0.12,0.06,0.14,0.14,0.16,0.06,0.42,0.44,0.44,0.1,0.02
bloomfilter,BigBaseline02,Boutique manufacturing,Business_50,0.0,0.0,0.08,0.02,0.02,0.1,0.02,0.14,0.04,0.1,0.06,0.0,0.08,0.0,0.02,0.1,0.0,0.0,0.06,0.08,0.16,0.02,0.42,0.42,0.44,0.08,0.0
bloomfilter,BigBaseline02,Business process,Business_50,0.02,0.02,0.1,0.02,0.04,0.08,0.04,0.14,0.04,0.12,0.04,0.04,0.1,0.04,0.1,0.04,0.02,0.02,0.1,0.06,0.26,0.04,0.78,0.92,0.9,0.06,0.04
bloomfilter,BigBaseline02,CK Asset Holdings,Business_50,0.0,0.0,0.02,0.0,0.04,0.04,0.0,0.04,0.0,0.02,0.04,0.02,0.02,0.0,0.0,0.02,0.02,0.0,0.0,0.02,0.06,0.0,0.14,0.12,0.12,0.04,0.0
bloomfilter,BigBaseline02,Cash-flow diagram,Business_50,0.0,0.02,0.1,0.1,0.14,0.12,0.02,0.2,0.02,0.18,0.16,0.1,0.02,0.02,0.04,0.1,0.08,0.0,0.12,0.06,0.28,0.0,0.36,0.38,0.34,0.1,0.0
bloomfilter,BigBaseline02,Cash advance,Business_50,0.02,0.0,0.16,0.02,0.14,0.08,0.04,0.24,0.02,0.22,0.14,0.06,0.1,0.02,0.02,0.08,0.1,0.0,0.18,0.14,0.22,0.02,0.54,0.5,0.56,0.06,0.0
bloomfilter,BigBaseline02,Chaos theory in organizational development,Business_50,0.0,0.0,0.0,0.0,0.0,0.0,0.0,0.0,0.0,0.02,0.0,0.0,0.0,0.0,0.0,0.0,0.0,0.0,0.02,0.02,0.06,0.0,0.14,0.16,0.14,0.0,0.0
bloomfilter,BigBaseline02,Conduent,Business_50,0.0,0.02,0.04,0.04,0.06,0.06,0.0,0.08,0.04,0.04,0.04,0.02,0.02,0.02,0.0,0.04,0.04,0.02,0.06,0.02,0.08,0.04,0.3,0.32,0.32,0.04,0.02
bloomfilter,BigBaseline02,Customer intelligence,Business_50,0.08,0.06,0.16,0.14,0.16,0.22,0.12,0.28,0.12,0.24,0.2,0.18,0.12,0.06,0.06,0.14,0.1,0.02,0.16,0.2,0.32,0.04,0.76,0.8,0.88,0.16,0.02
bloomfilter,BigBaseline02,Data monetization,Business_50,0.0,0.0,0.1,0.06,0.1,0.04,0.04,0.18,0.04,0.1,0.12,0.02,0.04,0.06,0.06,0.02,0.06,0.04,0.14,0.04,0.38,0.0,0.78,0.94,0.92,0.1,0.0
bloomfilter,BigBaseline02,Electronic business,Business_50,0.02,0.0,0.14,0.04,0.12,0.06,0.02,0.16,0.04,0.14,0.1,0.06,0.04,0.02,0.02,0.04,0.0,0.02,0.1,0.08,0.24,0.0,0.76,0.88,0.96,0.04,0.02
bloomfilter,BigBaseline02,Employee monitoring software,Business_50,0.04,0.0,0.1,0.04,0.04,0.08,0.02,0.12,0.04,0.1,0.08,0.06,0.08,0.0,0.06,0.04,0.0,0.04,0.02,0.02,0.1,0.02,0.26,0.22,0.24,0.06,0.0
bloomfilter,BigBaseline02,Event management software,Business_50,0.0,0.0,0.0,0.0,0.0,0.0,0.0,0.0,0.0,0.0,0.0,0.0,0.0,0.0,0.0,0.0,0.0,0.0,0.0,0.0,0.04,0.0,0.12,0.18,0.18,0.0,0.0
bloomfilter,BigBaseline02,Eyeball Chat,Business_50,0.02,0.04,0.28,0.1,0.16,0.2,0.04,0.26,0.06,0.16,0.18,0.1,0.1,0.02,0.08,0.16,0.04,0.04,0.12,0.06,0.3,0.04,0.76,0.84,0.88,0.16,0.0
bloomfilter,BigBaseline02,For-profit corporation,Business_50,0.02,0.02,0.1,0.04,0.22,0.08,0.04,0.22,0.04,0.18,0.12,0.12,0.02,0.02,0.0,0.08,0.2,0.04,0.16,0.1,0.28,0.04,0.76,0.84,0.9,0.1,0.02
bloomfilter,BigBaseline02,GSBA Zurich,Business_50,0.0,0.04,0.02,0.02,0.06,0.04,0.0,0.06,0.04,0.06,0.04,0.0,0.04,0.02,0.0,0.02,0.02,0.0,0.06,0.04,0.08,0.02,0.14,0.1,0.16,0.0,0.02
bloomfilter,BigBaseline02,Geo-replication,Business_50,0.02,0.06,0.18,0.08,0.1,0.1,0.06,0.14,0.04,0.14,0.1,0.04,0.08,0.04,0.04,0.08,0.0,0.02,0.1,0.06,0.16,0.02,0.5,0.6,0.58,0.16,0.02
bloomfilter,BigBaseline02,HP Application Lifecycle Management,Business_50,0.02,0.02,0.12,0.04,0.02,0.12,0.04,0.16,0.06,0.12,0.12,0.04,0.04,0.04,0.06,0.04,0.04,0.0,0.1,0.1,0.28,0.0,0.84,0.9,0.88,0.12,0.02
bloomfilter,BigBaseline02,Huaqiangbei,Business_50,0.12,0.02,0.16,0.02,0.06,0.12,0.1,0.14,0.12,0.1,0.14,0.12,0.02,0.04,0.08,0.1,0.04,0.02,0.12,0.14,0.1,0.04,0.26,0.22,0.18,0.14,0.02
bloomfilter,BigBaseline02,List of Airbus A320 orders and deliveries,Business_50,0.0,0.0,0.0,0.0,0.0,0.0,0.0,0.0,0.0,0.0,0.0,0.0,0.0,0.0,0.0,0.0,0.0,0.0,0.0,0.0,0.02,0.0,0.06,0.06,0.06,0.0,0.0
bloomfilter,BigBaseline02,Multidimensional organization,Business_50,0.0,0.02,0.06,0.02,0.06,0.02,0.0,0.1,0.02,0.1,0.02,0.04,0.04,0.02,0.02,0.0,0.04,0.0,0.1,0.02,0.2,0.02,0.54,0.72,0.74,0.08,0.02
bloomfilter,BigBaseline02,Oracle Big Data Appliance,Business_50,0.0,0.02,0.14,0.06,0.06,0.06,0.06,0.1,0.04,0.12,0.04,0.04,0.06,0.02,0.06,0.06,0.0,0.0,0.06,0.02,0.08,0.0,0.12,0.18,0.2,0.08,0.0
bloomfilter,BigBaseline02,Power structure,Business_50,0.0,0.02,0.02,0.02,0.06,0.04,0.0,0.06,0.02,0.02,0.04,0.04,0.02,0.0,0.0,0.0,0.04,0.02,0.06,0.04,0.1,0.0,0.32,0.36,0.34,0.02,0.02
bloomfilter,BigBaseline02,Religion and business,Business_50,0.02,0.08,0.02,0.02,0.08,0.06,0.04,0.14,0.08,0.06,0.08,0.06,0.02,0.02,0.02,0.02,0.1,0.08,0.1,0.12,0.14,0.08,0.44,0.48,0.48,0.06,0.04
bloomfilter,BigBaseline02,Starting a Business Index,Business_50,0.0,0.0,0.0,0.0,0.0,0.0,0.0,0.0,0.0,0.0,0.0,0.0,0.0,0.0,0.0,0.0,0.0,0.0,0.0,0.0,0.0,0.0,0.12,0.12,0.12,0.0,0.0
bloomfilter,BigBaseline02,UCLA-NUS Executive MBA,Business_50,0.02,0.06,0.04,0.04,0.06,0.1,0.02,0.08,0.08,0.06,0.08,0.04,0.06,0.02,0.0,0.06,0.02,0.02,0.06,0.04,0.1,0.04,0.26,0.24,0.3,0.08,0.04
bloomfilter,BigBaseline02,Wharton India Economic Forum,Business_50,0.08,0.14,0.1,0.06,0.2,0.22,0.08,0.2,0.08,0.1,0.16,0.14,0.12,0.1,0.0,0.2,0.18,0.16,0.24,0.18,0.18,0.08,0.86,0.76,0.82,0.1,0.08
bloomfilter,BigBaseline02,Anti-nuclear movement in Australia,Society_50,0.06,0.12,0.2,0.08,0.18,0.2,0.06,0.24,0.12,0.08,0.26,0.22,0.08,0.08,0.1,0.14,0.16,0.08,0.2,0.2,0.36,0.16,0.82,0.8,0.78,0.18,0.04
bloomfilter,BigBaseline02,Asilomar Conference on Recombinant DNA,Society_50,0.0,0.04,0.06,0.24,0.04,0.08,0.0,0.16,0.16,0.12,0.22,0.04,0.14,0.2,0.16,0.02,0.04,0.02,0.2,0.02,0.3,0.06,0.78,0.82,0.98,0.12,0.04
bloomfilter,BigBaseline02,Bourgeois nationalism,Society_50,0.0,0.12,0.02,0.02,0.08,0.08,0.04,0.08,0.04,0.04,0.08,0.12,0.06,0.06,0.02,0.02,0.12,0.06,0.1,0.06,0.18,0.1,0.38,0.36,0.4,0.06,0.04
bloomfilter,BigBaseline02,Branding national myths and symbols,Society_50,0.06,0.08,0.04,0.02,0.22,0.16,0.06,0.12,0.06,0.08,0.1,0.12,0.12,0.12,0.02,0.06,0.14,0.16,0.18,0.14,0.3,0.1,0.8,0.86,0.86,0.04,0.08
bloomfilter,BigBaseline02,Conflict early warning,Society_50,0.02,0.02,0.04,0.04,0.04,0.06,0.04,0.08,0.02,0.04,0.12,0.06,0.0,0.02,0.04,0.04,0.06,0.0,0.06,0.02,0.18,0.02,0.56,0.58,0.56,0.06,0.04
bloomfilter,BigBaseline02,Dissemination,Society_50,0.04,0.04,0.06,0.0,0.06,0.06,0.06,0.12,0.04,0.1,0.12,0.04,0.08,0.04,0.02,0.04,0.04,0.02,0.1,0.04,0.24,0.0,0.74,0.94,0.9,0.04,0.06
bloomfilter,BigBaseline02,Fowell Buxton,Society_50,0.08,0.12,0.08,0.06,0.22,0.18,0.12,0.2,0.04,0.18,0.1,0.26,0.1,0.1,0.04,0.08,0.16,0.16,0.26,0.22,0.36,0.14,0.82,0.64,0.86,0.14,0.12
bloomfilter,BigBaseline02,Krishna Nath Sarmah,Society_50,0.0,0.0,0.02,0.02,0.06,0.04,0.0,0.08,0.0,0.04,0.06,0.04,0.02,0.02,0.04,0.02,0.08,0.06,0.08,0.06,0.06,0.04,0.1,0.04,0.08,0.0,0.02
bloomfilter,BigBaseline02,Outline of communication,Society_50,0.02,0.0,0.02,0.0,0.02,0.0,0.0,0.02,0.02,0.0,0.02,0.02,0.02,0.0,0.0,0.0,0.02,0.0,0.0,0.0,0.04,0.0,0.1,0.12,0.12,0.02,0.02
bloomfilter,BigBaseline02,Plug &amp; Pray,Society_50,0.12,0.16,0.12,0.02,0.1,0.12,0.12,0.18,0.16,0.2,0.18,0.18,0.12,0.14,0.1,0.04,0.08,0.12,0.22,0.24,0.24,0.12,0.6,0.6,0.58,0.16,0.14
bloomfilter,BigBaseline02,Process Thinking,Society_50,0.06,0.04,0.06,0.04,0.12,0.18,0.08,0.16,0.06,0.06,0.12,0.06,0.08,0.1,0.02,0.14,0.04,0.08,0.26,0.14,0.24,0.04,0.66,0.72,0.86,0.06,0.06
bloomfilter,BigBaseline02,Sex toy party,Society_50,0.1,0.12,0.04,0.1,0.1,0.08,0.08,0.08,0.08,0.14,0.04,0.12,0.06,0.08,0.02,0.06,0.08,0.1,0.14,0.14,0.2,0.04,0.46,0.48,0.52,0.04,0.04
bloomfilter,BigBaseline02,Sexual harassment in the military,Society_50,0.06,0.18,0.08,0.18,0.24,0.26,0.16,0.26,0.08,0.12,0.22,0.24,0.14,0.08,0.06,0.24,0.16,0.14,0.24,0.16,0.36,0.06,0.8,0.76,0.86,0.18,0.08
bloomfilter,BigBaseline02,Social information processing (theory),Society_50,0.04,0.02,0.04,0.0,0.04,0.06,0.04,0.06,0.02,0.02,0.04,0.04,0.06,0.02,0.0,0.02,0.04,0.02,0.06,0.04,0.18,0.0,0.76,0.92,0.94,0.06,0.02
bloomfilter,BigBaseline02,Social translucence,Society_50,0.04,0.04,0.04,0.04,0.04,0.04,0.04,0.06,0.04,0.06,0.02,0.04,0.04,0.0,0.0,0.04,0.02,0.0,0.1,0.08,0.12,0.0,0.72,0.96,0.96,0.08,0.02
bloomfilter,BigBaseline02,Sociology of Revolution (book),Society_50,0.02,0.06,0.04,0.06,0.16,0.1,0.06,0.16,0.06,0.14,0.16,0.08,0.06,0.04,0.04,0.06,0.16,0.16,0.32,0.14,0.32,0.16,0.78,0.76,0.82,0.02,0.1
bloomfilter,BigBaseline02,Thematic interpretation,Society_50,0.02,0.06,0.08,0.04,0.08,0.1,0.04,0.12,0.12,0.1,0.06,0.1,0.08,0.06,0.02,0.12,0.04,0.06,0.16,0.14,0.34,0.04,0.68,0.78,0.86,0.02,0.02
bloomfilter,BigBaseline02,Torsten Rudenschöld,Society_50,0.0,0.0,0.0,0.02,0.02,0.02,0.0,0.02,0.0,0.02,0.02,0.02,0.0,0.0,0.0,0.0,0.02,0.02,0.02,0.0,0.02,0.02,0.04,0.02,0.04,0.0,0.0
bloomfilter,BigBaseline02,3D Virtual Creature Evolution,Life_50,0.04,0.02,0.06,0.08,0.1,0.1,0.02,0.18,0.04,0.24,0.06,0.02,0.06,0.1,0.1,0.14,0.06,0.08,0.18,0.14,0.36,0.0,0.72,0.88,0.88,0.18,0.06
bloomfilter,BigBaseline02,Aakash Gupta,Life_50,0.02,0.06,0.08,0.08,0.08,0.1,0.02,0.16,0.08,0.04,0.12,0.06,0.1,0.14,0.02,0.06,0.04,0.08,0.12,0.1,0.22,0.06,0.74,0.74,0.82,0.0,0.06
bloomfilter,BigBaseline02,Enantiopure drug,Life_50,0.04,0.02,0.08,0.12,0.1,0.04,0.04,0.14,0.12,0.06,0.12,0.06,0.04,0.12,0.08,0.02,0.04,0.02,0.08,0.04,0.38,0.06,0.84,0.84,0.92,0.0,0.02
bloomfilter,BigBaseline02,Frederik Aalestrup,Life_50,0.0,0.02,0.0,0.02,0.02,0.02,0.0,0.02,0.02,0.02,0.02,0.02,0.02,0.04,0.02,0.02,0.0,0.02,0.02,0.04,0.02,0.0,0.06,0.04,0.06,0.0,0.0
bloomfilter,BigBaseline02,History of artificial life,Life_50,0.04,0.02,0.12,0.0,0.04,0.1,0.06,0.06,0.06,0.08,0.04,0.04,0.1,0.1,0.04,0.04,0.02,0.04,0.1,0.04,0.24,0.02,0.78,0.84,0.86,0.08,0.04
bloomfilter,BigBaseline02,Jani Aaltonen,Life_50,0.0,0.0,0.0,0.0,0.0,0.0,0.0,0.0,0.0,0.0,0.0,0.0,0.0,0.0,0.0,0.0,0.0,0.0,0.0,0.0,0.0,0.0,0.0,0.0,0.0,0.0,0.0
bloomfilter,BigBaseline02,Metachirality,Life_50,0.02,0.0,0.04,0.04,0.02,0.02,0.02,0.04,0.06,0.06,0.02,0.04,0.04,0.08,0.1,0.0,0.0,0.0,0.04,0.04,0.14,0.02,0.28,0.3,0.26,0.02,0.02
bloomfilter,BigBaseline02,Mikael Aaltonen,Life_50,0.0,0.0,0.0,0.0,0.0,0.02,0.02,0.02,0.0,0.0,0.04,0.0,0.0,0.02,0.02,0.04,0.0,0.0,0.02,0.0,0.04,0.0,0.06,0.04,0.04,0.02,0.02
bloomfilter,BigBaseline02,Sky burial (disambiguation),Life_50,0.0,0.02,0.0,0.0,0.02,0.0,0.0,0.0,0.0,0.02,0.0,0.02,0.0,0.02,0.02,0.0,0.0,0.02,0.0,0.02,0.0,0.0,0.02,0.0,0.0,0.0,0.02
bloomfilter,BigBaseline02,Torstein Aagaard-Nilsen,Life_50,0.18,0.18,0.06,0.02,0.04,0.1,0.22,0.12,0.14,0.2,0.12,0.06,0.12,0.12,0.08,0.1,0.02,0.08,0.16,0.18,0.24,0.06,0.5,0.5,0.62,0.14,0.1
bloomfilter,BigBaseline02,Unnatural Selection (video game),Life_50,0.0,0.0,0.02,0.04,0.02,0.0,0.0,0.04,0.02,0.0,0.04,0.04,0.02,0.04,0.02,0.02,0.0,0.0,0.04,0.02,0.1,0.0,0.34,0.36,0.4,0.02,0.0
bloomfilter,BigBaseline02,List of people saved by Oskar Schindler,People_50,0.0,0.02,0.06,0.06,0.16,0.08,0.0,0.06,0.04,0.06,0.08,0.08,0.08,0.04,0.06,0.04,0.1,0.04,0.14,0.16,0.2,0.1,0.48,0.52,0.6,0.06,0.02
bloomfilter,BigBaseline02,Cold cathode,Nature_50,0.08,0.04,0.3,0.18,0.04,0.1,0.1,0.22,0.24,0.32,0.1,0.08,0.06,0.12,0.28,0.08,0.0,0.0,0.26,0.04,0.5,0.02,0.8,0.92,0.66,0.22,0.02
bloomfilter,BigBaseline02,Electroacoustic phenomena,Nature_50,0.02,0.0,0.16,0.16,0.06,0.08,0.0,0.22,0.18,0.2,0.14,0.04,0.04,0.08,0.22,0.04,0.02,0.02,0.22,0.04,0.38,0.04,0.72,1.0,0.86,0.14,0.04
bloomfilter,BigBaseline02,Evolution (term),Nature_50,0.0,0.02,0.02,0.0,0.0,0.04,0.0,0.02,0.02,0.02,0.02,0.0,0.04,0.0,0.0,0.0,0.0,0.0,0.02,0.0,0.18,0.02,0.36,0.36,0.38,0.02,0.04
bloomfilter,BigBaseline02,List of fritillaries (butterflies),Nature_50,0.02,0.02,0.0,0.02,0.0,0.0,0.0,0.02,0.04,0.02,0.02,0.0,0.04,0.04,0.04,0.02,0.02,0.02,0.04,0.04,0.08,0.0,0.18,0.14,0.18,0.02,0.0
bloomfilter,BigBaseline02,List of natural history dealers,Nature_50,0.04,0.06,0.06,0.04,0.06,0.06,0.06,0.08,0.06,0.06,0.06,0.04,0.04,0.02,0.06,0.04,0.02,0.0,0.08,0.06,0.1,0.04,0.34,0.34,0.4,0.08,0.0
bloomfilter,BigBaseline02,Orapa Power Station,Nature_50,0.04,0.0,0.1,0.04,0.06,0.04,0.0,0.1,0.0,0.06,0.08,0.02,0.0,0.04,0.08,0.02,0.02,0.0,0.04,0.04,0.18,0.0,0.42,0.48,0.38,0.1,0.0
bloomfilter,BigBaseline02,Relic woods,Nature_50,0.08,0.04,0.08,0.0,0.02,0.04,0.0,0.06,0.04,0.06,0.04,0.0,0.0,0.0,0.08,0.04,0.04,0.02,0.06,0.06,0.06,0.02,0.24,0.2,0.2,0.1,0.04
bloomfilter,BigBaseline02,The Seven Pillars of Life,Nature_50,0.02,0.02,0.08,0.12,0.02,0.04,0.0,0.08,0.1,0.08,0.1,0.04,0.06,0.1,0.12,0.04,0.02,0.0,0.08,0.02,0.28,0.02,0.62,0.66,0.66,0.08,0.0
bloomfilter,BigBaseline02,Vacuum coffee maker,Nature_50,0.16,0.04,0.3,0.16,0.08,0.16,0.06,0.26,0.2,0.24,0.2,0.14,0.12,0.06,0.24,0.16,0.04,0.04,0.12,0.08,0.36,0.04,0.68,0.86,0.7,0.28,0.04
bloomfilter,BigBaseline02,Just-world hypothesis,Concepts_50,0.04,0.1,0.02,0.12,0.1,0.14,0.06,0.14,0.1,0.08,0.14,0.1,0.1,0.12,0.02,0.08,0.06,0.12,0.22,0.1,0.32,0.08,0.78,0.84,0.9,0.02,0.1
bloomfilter,BigBaseline02,1848 in Chile,History_50,0.0,0.0,0.0,0.02,0.0,0.0,0.0,0.02,0.0,0.0,0.02,0.0,0.02,0.0,0.0,0.0,0.02,0.0,0.02,0.02,0.02,0.0,0.06,0.04,0.04,0.02,0.0
bloomfilter,BigBaseline02,Aftermath of the Northwest Airlines Flight 253 attack,History_50,0.06,0.06,0.14,0.1,0.36,0.24,0.04,0.32,0.08,0.14,0.32,0.2,0.1,0.04,0.0,0.2,0.28,0.14,0.3,0.32,0.46,0.08,0.94,0.64,0.76,0.24,0.06
bloomfilter,BigBaseline02,Ali Amiri (historian),History_50,0.02,0.04,0.04,0.02,0.08,0.06,0.0,0.04,0.0,0.04,0.02,0.02,0.08,0.0,0.02,0.0,0.0,0.04,0.06,0.04,0.1,0.04,0.2,0.14,0.22,0.1,0.0
bloomfilter,BigBaseline02,Base and superstructure,History_50,0.08,0.12,0.02,0.04,0.1,0.1,0.04,0.12,0.04,0.06,0.12,0.1,0.1,0.08,0.04,0.06,0.1,0.1,0.14,0.1,0.22,0.1,0.7,0.78,0.82,0.04,0.06
bloomfilter,BigBaseline02,Boresch III of Ossegg and Riesenburg,History_50,0.08,0.06,0.08,0.02,0.12,0.1,0.08,0.14,0.04,0.14,0.12,0.08,0.06,0.0,0.02,0.04,0.12,0.1,0.16,0.1,0.2,0.08,0.4,0.36,0.4,0.12,0.06
bloomfilter,BigBaseline02,Common Era,History_50,0.06,0.08,0.06,0.0,0.12,0.08,0.04,0.1,0.04,0.08,0.06,0.04,0.12,0.06,0.04,0.04,0.08,0.1,0.16,0.06,0.26,0.16,0.78,0.82,0.94,0.08,0.06
bloomfilter,BigBaseline02,Cundill Prize,History_50,0.02,0.02,0.04,0.06,0.08,0.08,0.0,0.1,0.04,0.1,0.06,0.06,0.02,0.0,0.0,0.06,0.04,0.0,0.1,0.06,0.12,0.0,0.22,0.22,0.28,0.06,0.02
bloomfilter,BigBaseline02,Dictionary of Art Historians,History_50,0.02,0.02,0.02,0.0,0.04,0.02,0.0,0.02,0.02,0.06,0.04,0.02,0.02,0.0,0.0,0.0,0.02,0.04,0.06,0.06,0.08,0.04,0.3,0.26,0.32,0.02,0.02
bloomfilter,BigBaseline02,Diseworth,History_50,0.08,0.1,0.08,0.08,0.06,0.08,0.04,0.12,0.04,0.12,0.08,0.08,0.04,0.08,0.06,0.06,0.12,0.06,0.1,0.1,0.08,0.14,0.38,0.36,0.4,0.2,0.02
bloomfilter,BigBaseline02,Echea,History_50,0.18,0.12,0.12,0.02,0.1,0.14,0.14,0.2,0.12,0.18,0.14,0.08,0.06,0.04,0.12,0.1,0.04,0.06,0.16,0.16,0.34,0.08,0.72,0.68,0.68,0.16,0.04
bloomfilter,BigBaseline02,Ermentar of Noirmoutier,History_50,0.12,0.08,0.06,0.04,0.08,0.2,0.04,0.14,0.04,0.1,0.18,0.1,0.12,0.04,0.1,0.06,0.12,0.12,0.16,0.2,0.2,0.18,0.34,0.28,0.26,0.12,0.1
bloomfilter,BigBaseline02,Eugenius I of Byzantium,History_50,0.0,0.0,0.0,0.0,0.02,0.0,0.0,0.0,0.0,0.02,0.0,0.0,0.0,0.0,0.0,0.0,0.0,0.02,0.02,0.02,0.02,0.02,0.02,0.0,0.02,0.0,0.0
bloomfilter,BigBaseline02,Henri Lefebvre,History_50,0.12,0.08,0.02,0.02,0.06,0.04,0.06,0.1,0.08,0.12,0.1,0.08,0.12,0.06,0.0,0.02,0.04,0.02,0.12,0.1,0.2,0.04,0.76,0.92,0.9,0.06,0.12
bloomfilter,BigBaseline02,In Search of... (TV series),History_50,0.1,0.1,0.16,0.0,0.16,0.06,0.22,0.16,0.12,0.2,0.08,0.14,0.1,0.1,0.04,0.16,0.1,0.12,0.22,0.28,0.24,0.14,0.76,0.72,0.76,0.08,0.1
bloomfilter,BigBaseline02,List of boycotts,History_50,0.02,0.0,0.02,0.0,0.0,0.02,0.0,0.02,0.0,0.0,0.02,0.0,0.0,0.0,0.0,0.02,0.02,0.02,0.0,0.02,0.0,0.0,0.1,0.1,0.1,0.0,0.0
bloomfilter,BigBaseline02,List of historians by area of study,History_50,0.02,0.02,0.02,0.0,0.02,0.0,0.02,0.04,0.02,0.04,0.04,0.02,0.02,0.02,0.0,0.0,0.02,0.02,0.04,0.04,0.04,0.04,0.08,0.06,0.06,0.04,0.0
bloomfilter,BigBaseline02,Post-industrial society,History_50,0.02,0.06,0.04,0.02,0.06,0.04,0.02,0.06,0.04,0.08,0.06,0.04,0.04,0.02,0.02,0.04,0.04,0.0,0.08,0.02,0.18,0.06,0.78,0.92,0.92,0.06,0.02
bloomfilter,BigBaseline02,Régence,History_50,0.24,0.18,0.08,0.06,0.18,0.2,0.12,0.2,0.02,0.2,0.12,0.08,0.1,0.04,0.02,0.1,0.16,0.2,0.26,0.3,0.26,0.2,0.78,0.68,0.86,0.14,0.16
bloomfilter,BigBaseline02,The Message of the Sphinx,History_50,0.12,0.02,0.08,0.0,0.06,0.02,0.04,0.12,0.08,0.14,0.14,0.0,0.08,0.06,0.14,0.0,0.0,0.1,0.2,0.14,0.2,0.14,0.56,0.5,0.48,0.22,0.08
bloomfilter,BigBaseline02,The Pink Swastika,History_50,0.12,0.18,0.06,0.1,0.28,0.2,0.12,0.24,0.06,0.22,0.22,0.2,0.08,0.1,0.04,0.1,0.2,0.14,0.26,0.3,0.34,0.14,0.84,0.66,0.8,0.16,0.1
bloomfilter,BigBaseline02,The Restorers,History_50,0.02,0.02,0.04,0.0,0.02,0.0,0.04,0.04,0.02,0.02,0.04,0.0,0.0,0.04,0.02,0.04,0.02,0.02,0.04,0.04,0.08,0.04,0.4,0.46,0.48,0.04,0.02
bloomfilter,BigBaseline02,Yangon Heritage Trust,History_50,0.0,0.0,0.04,0.02,0.02,0.02,0.0,0.04,0.02,0.02,0.06,0.02,0.0,0.0,0.02,0.0,0.02,0.0,0.04,0.02,0.06,0.0,0.2,0.26,0.24,0.04,0.0
bloomfilter,BigBaseline02,Ann Rockley,Technology_50,0.0,0.04,0.04,0.06,0.18,0.18,0.04,0.2,0.1,0.16,0.06,0.1,0.08,0.02,0.0,0.08,0.08,0.06,0.2,0.2,0.3,0.02,0.78,0.84,0.9,0.06,0.04
bloomfilter,BigBaseline02,Barefoot Networks,Technology_50,0.04,0.06,0.14,0.06,0.1,0.1,0.04,0.2,0.04,0.14,0.1,0.08,0.06,0.06,0.1,0.08,0.04,0.02,0.1,0.06,0.2,0.02,0.22,0.32,0.28,0.1,0.0
bloomfilter,BigBaseline02,Computer,Technology_50,0.04,0.0,0.18,0.02,0.0,0.02,0.04,0.14,0.06,0.2,0.02,0.0,0.1,0.06,0.14,0.04,0.02,0.0,0.14,0.06,0.32,0.02,0.8,0.88,0.9,0.14,0.02
bloomfilter,BigBaseline02,Data custodian,Technology_50,0.02,0.02,0.02,0.0,0.02,0.0,0.0,0.02,0.0,0.0,0.0,0.0,0.0,0.0,0.0,0.02,0.02,0.0,0.02,0.02,0.04,0.02,0.24,0.34,0.34,0.02,0.0
bloomfilter,BigBaseline02,Department of Science and Technology (South Africa),Technology_50,0.0,0.0,0.0,0.0,0.0,0.0,0.0,0.0,0.0,0.0,0.0,0.0,0.0,0.0,0.0,0.0,0.0,0.0,0.0,0.0,0.0,0.0,0.1,0.1,0.1,0.0,0.0
bloomfilter,BigBaseline02,Emergency disconnect package,Technology_50,0.06,0.04,0.2,0.08,0.02,0.14,0.02,0.16,0.06,0.14,0.08,0.02,0.14,0.06,0.18,0.12,0.02,0.06,0.12,0.12,0.2,0.04,0.38,0.48,0.44,0.2,0.06
bloomfilter,BigBaseline02,FinTS,Technology_50,0.0,0.02,0.12,0.02,0.1,0.06,0.02,0.14,0.0,0.14,0.08,0.0,0.06,0.0,0.0,0.02,0.04,0.0,0.1,0.08,0.14,0.02,0.34,0.34,0.42,0.08,0.02
bloomfilter,BigBaseline02,Flame projector,Technology_50,0.1,0.02,0.18,0.14,0.02,0.04,0.02,0.12,0.12,0.08,0.12,0.02,0.02,0.06,0.18,0.08,0.0,0.02,0.06,0.1,0.18,0.0,0.22,0.32,0.32,0.06,0.02
bloomfilter,BigBaseline02,Internal documentation,Technology_50,0.0,0.0,0.0,0.0,0.0,0.0,0.0,0.0,0.0,0.0,0.0,0.0,0.0,0.0,0.0,0.0,0.0,0.0,0.0,0.0,0.0,0.0,0.16,0.16,0.16,0.0,0.0
bloomfilter,BigBaseline02,Internationalization Tag Set,Technology_50,0.0,0.02,0.08,0.02,0.06,0.08,0.0,0.14,0.04,0.12,0.02,0.0,0.1,0.02,0.0,0.06,0.04,0.02,0.04,0.04,0.24,0.04,0.6,0.72,0.8,0.1,0.0
bloomfilter,BigBaseline02,Investment-specific technological progress,Technology_50,0.06,0.02,0.16,0.04,0.14,0.12,0.08,0.2,0.02,0.14,0.08,0.06,0.06,0.0,0.04,0.12,0.08,0.02,0.18,0.04,0.3,0.02,0.82,0.86,0.88,0.08,0.06
bloomfilter,BigBaseline02,Man page,Technology_50,0.02,0.0,0.2,0.04,0.12,0.12,0.04,0.16,0.08,0.16,0.04,0.02,0.16,0.0,0.06,0.06,0.08,0.06,0.12,0.08,0.32,0.1,0.78,0.84,0.9,0.12,0.02
bloomfilter,BigBaseline02,Ministry of Higher Education and Science (Denmark),Technology_50,0.0,0.0,0.0,0.0,0.0,0.0,0.0,0.0,0.0,0.0,0.0,0.0,0.0,0.0,0.0,0.0,0.0,0.0,0.0,0.0,0.0,0.0,0.06,0.08,0.08,0.0,0.0
bloomfilter,BigBaseline02,Operation Serenata de Amor,Technology_50,0.1,0.04,0.1,0.12,0.2,0.18,0.08,0.2,0.06,0.14,0.2,0.12,0.04,0.06,0.02,0.16,0.18,0.06,0.22,0.2,0.26,0.1,0.76,0.66,0.78,0.08,0.06
bloomfilter,BigBaseline02,Phonograph cylinder,Technology_50,0.18,0.06,0.26,0.02,0.08,0.12,0.18,0.14,0.06,0.16,0.12,0.06,0.1,0.04,0.12,0.12,0.0,0.04,0.1,0.08,0.26,0.04,0.74,0.78,0.8,0.16,0.02
bloomfilter,BigBaseline02,Post-industrial society,Technology_50,0.02,0.06,0.04,0.02,0.06,0.04,0.02,0.06,0.04,0.08,0.06,0.04,0.04,0.02,0.02,0.04,0.04,0.0,0.08,0.02,0.18,0.06,0.78,0.92,0.92,0.06,0.02
bloomfilter,BigBaseline02,Process,Technology_50,0.0,0.0,0.0,0.0,0.0,0.0,0.0,0.0,0.0,0.0,0.0,0.0,0.0,0.0,0.0,0.0,0.0,0.0,0.0,0.0,0.02,0.0,0.06,0.06,0.06,0.0,0.0
bloomfilter,BigBaseline02,Push Interactions,Technology_50,0.0,0.0,0.02,0.04,0.04,0.04,0.02,0.04,0.0,0.02,0.04,0.02,0.04,0.0,0.0,0.04,0.06,0.0,0.02,0.02,0.08,0.02,0.2,0.2,0.22,0.04,0.0
bloomfilter,BigBaseline02,Slice (app),Technology_50,0.0,0.0,0.02,0.0,0.0,0.0,0.02,0.04,0.0,0.02,0.06,0.0,0.0,0.02,0.0,0.0,0.0,0.02,0.04,0.02,0.1,0.0,0.24,0.3,0.32,0.0,0.04
bloomfilter,BigBaseline02,Stranded asset,Technology_50,0.0,0.0,0.14,0.06,0.14,0.12,0.02,0.22,0.04,0.18,0.18,0.1,0.04,0.02,0.08,0.04,0.12,0.02,0.12,0.08,0.32,0.04,0.76,0.76,0.68,0.14,0.04
bloomfilter,BigBaseline02,Technological determinism,Technology_50,0.06,0.06,0.02,0.04,0.08,0.1,0.02,0.12,0.04,0.1,0.1,0.08,0.04,0.02,0.02,0.06,0.08,0.04,0.14,0.08,0.16,0.12,0.8,0.84,0.88,0.08,0.04
bloomfilter,BigBaseline02,Timeline of carbon nanotubes,Technology_50,0.0,0.0,0.0,0.0,0.0,0.0,0.0,0.02,0.0,0.0,0.02,0.0,0.0,0.0,0.02,0.0,0.0,0.0,0.02,0.0,0.02,0.0,0.02,0.02,0.0,0.0,0.0
bloomfilter,BigBaseline02,Universal Data Element Framework,Technology_50,0.0,0.0,0.02,0.02,0.0,0.02,0.0,0.02,0.0,0.02,0.0,0.0,0.02,0.0,0.0,0.02,0.0,0.0,0.0,0.0,0.06,0.0,0.18,0.22,0.24,0.02,0.0
bloomfilter,BigBaseline02,White–Juday warp-field interferometer,Technology_50,0.02,0.02,0.14,0.06,0.0,0.06,0.04,0.04,0.1,0.1,0.08,0.02,0.04,0.06,0.14,0.04,0.02,0.0,0.06,0.02,0.34,0.08,0.72,0.9,0.86,0.08,0.0
bloomfilter,BigBaseline02,Bernard Dadié national grand prize for literature,Culture_50,0.02,0.02,0.02,0.02,0.02,0.06,0.02,0.06,0.0,0.02,0.02,0.04,0.0,0.02,0.0,0.02,0.02,0.0,0.04,0.02,0.04,0.0,0.16,0.18,0.22,0.0,0.04
bloomfilter,BigBaseline02,Bouffée délirante,Culture_50,0.06,0.06,0.06,0.08,0.06,0.08,0.02,0.06,0.08,0.02,0.1,0.04,0.06,0.04,0.06,0.04,0.06,0.04,0.08,0.04,0.1,0.06,0.12,0.08,0.1,0.02,0.02
bloomfilter,BigBaseline02,Burung Petala Processions,Culture_50,0.24,0.24,0.14,0.08,0.12,0.24,0.22,0.22,0.1,0.24,0.18,0.12,0.12,0.18,0.12,0.26,0.2,0.22,0.22,0.32,0.18,0.2,0.74,0.64,0.78,0.26,0.2
bloomfilter,BigBaseline02,California Resale Royalty Act,Culture_50,0.12,0.08,0.1,0.06,0.2,0.12,0.06,0.16,0.08,0.1,0.12,0.1,0.04,0.02,0.0,0.1,0.12,0.06,0.18,0.16,0.28,0.1,0.9,0.82,0.86,0.16,0.04
bloomfilter,BigBaseline02,Candy Desk,Culture_50,0.08,0.08,0.06,0.04,0.14,0.18,0.1,0.28,0.06,0.14,0.14,0.1,0.08,0.0,0.04,0.16,0.12,0.12,0.2,0.26,0.4,0.06,0.68,0.72,0.76,0.16,0.1
bloomfilter,BigBaseline02,Clothing material,Culture_50,0.14,0.06,0.16,0.12,0.08,0.06,0.08,0.2,0.14,0.16,0.14,0.1,0.18,0.1,0.18,0.22,0.0,0.04,0.1,0.16,0.18,0.08,0.34,0.32,0.28,0.14,0.1
bloomfilter,BigBaseline02,Conceptual history,Culture_50,0.02,0.02,0.04,0.02,0.06,0.06,0.0,0.08,0.0,0.06,0.08,0.04,0.02,0.0,0.0,0.0,0.06,0.06,0.06,0.04,0.14,0.06,0.38,0.46,0.48,0.02,0.02
bloomfilter,BigBaseline02,Cultural Heritage of Andorra,Culture_50,0.02,0.02,0.02,0.0,0.02,0.0,0.0,0.0,0.0,0.02,0.02,0.0,0.0,0.0,0.02,0.0,0.02,0.02,0.02,0.02,0.0,0.02,0.06,0.04,0.06,0.02,0.02
bloomfilter,BigBaseline02,Cultural practice,Culture_50,0.0,0.02,0.04,0.02,0.08,0.08,0.0,0.08,0.0,0.04,0.08,0.06,0.06,0.02,0.02,0.02,0.06,0.06,0.08,0.02,0.16,0.04,0.6,0.62,0.66,0.0,0.06
bloomfilter,BigBaseline02,Culture gap,Culture_50,0.12,0.18,0.1,0.1,0.2,0.24,0.12,0.28,0.14,0.12,0.2,0.26,0.14,0.12,0.08,0.1,0.2,0.16,0.22,0.16,0.28,0.14,0.74,0.74,0.88,0.1,0.16
bloomfilter,BigBaseline02,Cultureme,Culture_50,0.18,0.1,0.1,0.04,0.18,0.12,0.1,0.16,0.1,0.14,0.14,0.08,0.08,0.02,0.04,0.08,0.06,0.06,0.18,0.16,0.22,0.12,0.66,0.86,0.82,0.14,0.08
bloomfilter,BigBaseline02,Edmund Leach,Culture_50,0.14,0.16,0.04,0.12,0.24,0.26,0.06,0.22,0.2,0.26,0.2,0.2,0.16,0.08,0.1,0.06,0.16,0.18,0.24,0.26,0.28,0.26,0.72,0.62,0.7,0.16,0.2
bloomfilter,BigBaseline02,Forefathers' Day,Culture_50,0.08,0.04,0.02,0.0,0.06,0.08,0.06,0.12,0.04,0.08,0.04,0.04,0.0,0.08,0.02,0.04,0.08,0.06,0.06,0.08,0.08,0.04,0.34,0.2,0.3,0.06,0.08
bloomfilter,BigBaseline02,Heroes of the Environment (2008),Culture_50,0.02,0.02,0.02,0.02,0.02,0.02,0.02,0.02,0.0,0.0,0.02,0.02,0.02,0.02,0.0,0.02,0.02,0.02,0.04,0.04,0.04,0.02,0.16,0.12,0.14,0.0,0.02
bloomfilter,BigBaseline02,Immigrant generations,Culture_50,0.0,0.12,0.04,0.14,0.12,0.2,0.04,0.18,0.1,0.12,0.14,0.18,0.16,0.1,0.02,0.1,0.16,0.12,0.22,0.16,0.34,0.06,0.8,0.8,0.92,0.06,0.08
bloomfilter,BigBaseline02,Jake the Alligator Man,Culture_50,0.04,0.06,0.06,0.02,0.06,0.12,0.1,0.08,0.04,0.06,0.12,0.08,0.04,0.04,0.06,0.06,0.06,0.04,0.08,0.12,0.1,0.08,0.34,0.22,0.3,0.12,0.08
bloomfilter,BigBaseline02,Johnny Reb,Culture_50,0.08,0.0,0.1,0.06,0.08,0.04,0.0,0.1,0.02,0.04,0.12,0.08,0.06,0.04,0.02,0.16,0.1,0.04,0.12,0.12,0.08,0.1,0.14,0.1,0.18,0.04,0.14
bloomfilter,BigBaseline02,Lying-in,Culture_50,0.08,0.1,0.08,0.18,0.1,0.16,0.04,0.14,0.04,0.12,0.14,0.14,0.12,0.1,0.0,0.06,0.02,0.1,0.14,0.14,0.14,0.06,0.5,0.52,0.6,0.08,0.06
bloomfilter,BigBaseline02,Outline of literature,Culture_50,0.04,0.04,0.02,0.0,0.02,0.02,0.04,0.04,0.02,0.04,0.0,0.0,0.02,0.04,0.0,0.0,0.0,0.0,0.02,0.04,0.04,0.02,0.04,0.02,0.04,0.0,0.04
bloomfilter,BigBaseline02,Outline of the humanities,Culture_50,0.0,0.0,0.0,0.0,0.0,0.0,0.0,0.0,0.0,0.0,0.0,0.0,0.0,0.0,0.0,0.0,0.0,0.0,0.0,0.0,0.0,0.0,0.06,0.1,0.1,0.0,0.0
bloomfilter,BigBaseline02,Portrayal of female bodies in Chinese contemporary art,Culture_50,0.14,0.08,0.08,0.06,0.08,0.14,0.1,0.1,0.04,0.06,0.08,0.08,0.12,0.08,0.02,0.1,0.04,0.1,0.16,0.22,0.28,0.04,0.84,0.8,0.92,0.08,0.04
bloomfilter,BigBaseline02,Puppy pregnancy syndrome,Culture_50,0.06,0.06,0.02,0.18,0.1,0.06,0.04,0.16,0.16,0.04,0.22,0.08,0.18,0.18,0.08,0.06,0.08,0.16,0.22,0.18,0.3,0.1,0.5,0.36,0.46,0.02,0.1
bloomfilter,BigBaseline02,Revisionism (fictional),Culture_50,0.08,0.06,0.02,0.0,0.02,0.04,0.06,0.02,0.02,0.06,0.02,0.02,0.06,0.04,0.0,0.0,0.06,0.04,0.14,0.12,0.08,0.08,0.18,0.16,0.2,0.02,0.08
bloomfilter,BigBaseline02,Steven Shaviro,Culture_50,0.1,0.08,0.02,0.0,0.04,0.02,0.08,0.06,0.04,0.08,0.0,0.0,0.08,0.02,0.02,0.0,0.04,0.04,0.08,0.06,0.12,0.04,0.4,0.36,0.4,0.0,0.08
bloomfilter,BigBaseline02,Three Great Tenjin Shrines,Culture_50,0.02,0.02,0.0,0.0,0.0,0.02,0.0,0.0,0.02,0.02,0.0,0.02,0.02,0.0,0.0,0.0,0.0,0.02,0.0,0.02,0.0,0.02,0.04,0.04,0.04,0.0,0.02
bloomfilter,BigBaseline02,Three Kingdoms of Korea,Culture_50,0.12,0.14,0.1,0.04,0.2,0.1,0.06,0.14,0.04,0.16,0.16,0.06,0.08,0.12,0.06,0.04,0.14,0.14,0.08,0.18,0.2,0.22,0.8,0.76,0.76,0.1,0.2
bloomfilter,BigBaseline02,Tourist trolley,Culture_50,0.06,0.0,0.04,0.0,0.0,0.02,0.06,0.06,0.02,0.04,0.08,0.04,0.0,0.02,0.04,0.02,0.02,0.0,0.02,0.02,0.04,0.06,0.28,0.26,0.28,0.06,0.02
bloomfilter,BigBaseline02,Woodcraft,Culture_50,0.06,0.08,0.02,0.04,0.06,0.06,0.06,0.06,0.08,0.12,0.1,0.08,0.04,0.08,0.06,0.04,0.02,0.04,0.14,0.08,0.14,0.08,0.38,0.38,0.42,0.1,0.04
bloomfilter,BigBaseline02,Writing,Culture_50,0.06,0.16,0.1,0.02,0.1,0.06,0.04,0.08,0.04,0.2,0.2,0.02,0.22,0.02,0.08,0.02,0.02,0.12,0.14,0.08,0.3,0.14,0.74,0.74,0.94,0.16,0.14
bloomfilter,BigBaseline02,Equation-free modeling,Mathematics_50,0.02,0.0,0.02,0.04,0.0,0.06,0.02,0.12,0.06,0.18,0.1,0.0,0.1,0.06,0.12,0.06,0.0,0.02,0.1,0.02,0.28,0.0,0.66,0.98,0.88,0.12,0.0
bloomfilter,BigBaseline02,Index of cryptography articles,Mathematics_50,0.0,0.04,0.3,0.08,0.16,0.06,0.04,0.24,0.12,0.32,0.24,0.1,0.12,0.1,0.12,0.06,0.06,0.06,0.18,0.08,0.3,0.08,0.68,0.76,0.74,0.2,0.04
bloomfilter,BigBaseline02,Kostant's convexity theorem,Mathematics_50,0.02,0.02,0.12,0.04,0.06,0.12,0.02,0.18,0.16,0.34,0.1,0.1,0.14,0.08,0.1,0.0,0.04,0.02,0.14,0.12,0.36,0.08,0.56,0.72,0.7,0.12,0.02
bloomfilter,BigBaseline02,Källén function,Mathematics_50,0.02,0.0,0.06,0.0,0.04,0.06,0.0,0.06,0.06,0.08,0.02,0.0,0.04,0.0,0.02,0.02,0.0,0.0,0.06,0.0,0.12,0.02,0.26,0.34,0.36,0.0,0.0
bloomfilter,BigBaseline02,List of calculus topics,Mathematics_50,0.0,0.0,0.0,0.0,0.0,0.0,0.0,0.0,0.0,0.0,0.0,0.0,0.0,0.0,0.0,0.0,0.0,0.0,0.0,0.0,0.02,0.0,0.08,0.08,0.08,0.0,0.0
bloomfilter,BigBaseline02,List of factorial and binomial topics,Mathematics_50,0.0,0.0,0.0,0.0,0.0,0.0,0.0,0.0,0.0,0.0,0.0,0.0,0.0,0.0,0.0,0.0,0.0,0.0,0.0,0.0,0.0,0.0,0.04,0.04,0.04,0.0,0.0
bloomfilter,BigBaseline02,Mishnat ha-Middot,Mathematics_50,0.0,0.0,0.0,0.0,0.0,0.0,0.02,0.0,0.0,0.0,0.0,0.0,0.0,0.0,0.0,0.0,0.0,0.0,0.02,0.02,0.02,0.0,0.12,0.14,0.16,0.0,0.0
bloomfilter,BigBaseline02,Modeshape,Mathematics_50,0.0,0.0,0.0,0.0,0.0,0.0,0.0,0.02,0.0,0.02,0.0,0.0,0.0,0.0,0.0,0.02,0.02,0.0,0.0,0.0,0.04,0.0,0.08,0.1,0.1,0.02,0.0
bloomfilter,BigBaseline02,Multiplication of vectors,Mathematics_50,0.0,0.0,0.02,0.02,0.0,0.0,0.0,0.0,0.02,0.02,0.02,0.0,0.0,0.02,0.02,0.0,0.0,0.0,0.0,0.0,0.02,0.0,0.02,0.04,0.04,0.02,0.0
bloomfilter,BigBaseline02,Property (mathematics),Mathematics_50,0.0,0.0,0.0,0.0,0.0,0.0,0.0,0.0,0.0,0.0,0.0,0.0,0.0,0.0,0.0,0.0,0.0,0.0,0.0,0.0,0.02,0.0,0.08,0.1,0.1,0.0,0.0
bloomfilter,BigBaseline02,Protractor,Mathematics_50,0.06,0.12,0.26,0.1,0.1,0.2,0.04,0.18,0.14,0.28,0.12,0.04,0.12,0.06,0.12,0.14,0.08,0.0,0.12,0.06,0.34,0.08,0.6,0.64,0.6,0.28,0.06
bloomfilter,BigBaseline02,Symbol (number theory),Mathematics_50,0.0,0.0,0.0,0.0,0.0,0.0,0.0,0.0,0.0,0.0,0.0,0.0,0.0,0.0,0.0,0.0,0.0,0.0,0.0,0.0,0.04,0.0,0.06,0.08,0.08,0.0,0.0
bloomfilter,BigBaseline02,The Art of Mathematics,Mathematics_50,0.0,0.02,0.02,0.0,0.04,0.06,0.0,0.04,0.04,0.04,0.02,0.0,0.04,0.0,0.0,0.0,0.0,0.0,0.04,0.0,0.06,0.04,0.18,0.18,0.22,0.02,0.0
bloomfilter,BigBaseline02,Theta model,Mathematics_50,0.04,0.06,0.1,0.1,0.06,0.14,0.06,0.16,0.16,0.24,0.16,0.08,0.18,0.16,0.16,0.06,0.0,0.0,0.2,0.08,0.24,0.06,0.76,0.84,0.74,0.12,0.08
bloomfilter,BigBaseline02,Turing pattern,Mathematics_50,0.04,0.02,0.04,0.02,0.04,0.04,0.0,0.1,0.04,0.16,0.04,0.0,0.04,0.04,0.12,0.04,0.04,0.0,0.1,0.06,0.24,0.0,0.38,0.48,0.42,0.12,0.0
bloomfilter,BigBaseline02,Weisner's method,Mathematics_50,0.0,0.0,0.0,0.0,0.0,0.0,0.0,0.0,0.0,0.02,0.0,0.0,0.0,0.0,0.0,0.0,0.0,0.0,0.02,0.0,0.04,0.0,0.1,0.12,0.1,0.0,0.0
bloomfilter,BigBaseline02,Xu Yue,Mathematics_50,0.02,0.02,0.0,0.02,0.02,0.06,0.02,0.02,0.04,0.04,0.02,0.0,0.02,0.02,0.04,0.0,0.0,0.02,0.04,0.04,0.02,0.04,0.26,0.28,0.26,0.02,0.02
bloomfilter,BigBaseline02,1771 to 1775 in sports,Sports_50,0.0,0.0,0.0,0.0,0.0,0.02,0.02,0.02,0.0,0.0,0.02,0.0,0.0,0.0,0.0,0.02,0.0,0.0,0.02,0.0,0.04,0.0,0.08,0.06,0.08,0.02,0.0
bloomfilter,BigBaseline02,1788 in sports,Sports_50,0.0,0.0,0.0,0.0,0.0,0.02,0.02,0.02,0.0,0.0,0.02,0.0,0.0,0.0,0.0,0.02,0.0,0.0,0.02,0.0,0.04,0.0,0.08,0.06,0.08,0.02,0.0
bloomfilter,BigBaseline02,1806 in sports,Sports_50,0.0,0.0,0.0,0.0,0.0,0.02,0.02,0.02,0.0,0.0,0.02,0.0,0.0,0.0,0.0,0.02,0.0,0.0,0.02,0.0,0.04,0.0,0.08,0.06,0.08,0.02,0.0
bloomfilter,BigBaseline02,1824 in sports,Sports_50,0.0,0.0,0.0,0.0,0.0,0.02,0.02,0.02,0.0,0.0,0.02,0.0,0.0,0.0,0.0,0.02,0.0,0.0,0.02,0.0,0.04,0.0,0.08,0.06,0.08,0.02,0.0
bloomfilter,BigBaseline02,1869 in sports,Sports_50,0.0,0.0,0.02,0.02,0.04,0.08,0.06,0.08,0.0,0.04,0.08,0.02,0.06,0.04,0.0,0.1,0.02,0.0,0.08,0.04,0.12,0.0,0.16,0.1,0.14,0.1,0.0
bloomfilter,BigBaseline02,Billabong XXL,Sports_50,0.02,0.02,0.06,0.02,0.02,0.02,0.06,0.1,0.04,0.04,0.1,0.02,0.04,0.04,0.04,0.06,0.04,0.02,0.06,0.04,0.1,0.02,0.22,0.16,0.16,0.08,0.02
bloomfilter,BigBaseline02,Blackout (broadcasting),Sports_50,0.08,0.06,0.16,0.06,0.18,0.18,0.22,0.26,0.1,0.14,0.3,0.18,0.06,0.08,0.02,0.24,0.14,0.06,0.22,0.26,0.36,0.08,0.9,0.68,0.84,0.2,0.08
bloomfilter,BigBaseline02,Broadcasting of sports events,Sports_50,0.04,0.02,0.16,0.08,0.06,0.14,0.2,0.2,0.04,0.1,0.22,0.12,0.1,0.14,0.04,0.2,0.04,0.04,0.14,0.12,0.32,0.04,0.96,0.86,0.9,0.18,0.06
bloomfilter,BigBaseline02,Callanetics,Sports_50,0.06,0.06,0.0,0.0,0.06,0.02,0.04,0.1,0.02,0.04,0.02,0.06,0.06,0.02,0.04,0.06,0.02,0.0,0.04,0.08,0.04,0.02,0.16,0.22,0.24,0.06,0.06
bloomfilter,BigBaseline02,Chronic training load,Sports_50,0.02,0.0,0.06,0.06,0.02,0.02,0.02,0.04,0.04,0.06,0.04,0.0,0.02,0.0,0.04,0.06,0.0,0.0,0.06,0.02,0.1,0.0,0.32,0.4,0.38,0.04,0.0
bloomfilter,BigBaseline02,ESPY Award,Sports_50,0.08,0.12,0.18,0.08,0.14,0.16,0.16,0.3,0.12,0.18,0.24,0.1,0.1,0.04,0.04,0.24,0.08,0.0,0.26,0.16,0.34,0.1,0.82,0.7,0.8,0.14,0.1
bloomfilter,BigBaseline02,ES Radès,Sports_50,0.02,0.02,0.02,0.0,0.02,0.02,0.02,0.02,0.02,0.0,0.02,0.02,0.0,0.02,0.02,0.02,0.02,0.02,0.02,0.02,0.0,0.0,0.08,0.06,0.06,0.02,0.02
bloomfilter,BigBaseline02,EuroLeague clubs performance comparison,Sports_50,0.02,0.02,0.02,0.0,0.02,0.02,0.02,0.02,0.02,0.0,0.02,0.02,0.0,0.02,0.02,0.02,0.02,0.02,0.02,0.02,0.0,0.0,0.08,0.06,0.06,0.02,0.02
bloomfilter,BigBaseline02,Extreme cold weather clothing,Sports_50,0.18,0.08,0.2,0.2,0.12,0.22,0.1,0.3,0.2,0.3,0.3,0.12,0.14,0.18,0.3,0.34,0.02,0.1,0.26,0.22,0.44,0.08,0.56,0.68,0.68,0.34,0.24
bloomfilter,BigBaseline02,Grand final,Sports_50,0.1,0.06,0.1,0.08,0.16,0.2,0.28,0.34,0.08,0.24,0.26,0.1,0.14,0.18,0.08,0.42,0.12,0.08,0.22,0.22,0.32,0.12,0.74,0.62,0.7,0.16,0.1
bloomfilter,BigBaseline02,List of rodeos,Sports_50,0.0,0.0,0.0,0.0,0.0,0.0,0.0,0.0,0.0,0.0,0.02,0.0,0.0,0.0,0.0,0.02,0.0,0.0,0.0,0.0,0.02,0.0,0.06,0.06,0.06,0.0,0.0
bloomfilter,BigBaseline02,Lucky loser,Sports_50,0.1,0.04,0.06,0.06,0.18,0.24,0.16,0.32,0.02,0.24,0.24,0.06,0.16,0.16,0.06,0.28,0.12,0.06,0.28,0.26,0.3,0.04,0.74,0.6,0.68,0.2,0.06
bloomfilter,BigBaseline02,Palaestra,Sports_50,0.06,0.06,0.04,0.1,0.12,0.12,0.06,0.16,0.1,0.18,0.12,0.08,0.04,0.06,0.12,0.12,0.08,0.1,0.2,0.14,0.24,0.06,0.68,0.64,0.66,0.1,0.12
bloomfilter,BigBaseline02,Performance surface,Sports_50,0.18,0.12,0.22,0.1,0.08,0.2,0.2,0.4,0.1,0.24,0.14,0.1,0.14,0.06,0.24,0.38,0.14,0.1,0.2,0.16,0.4,0.06,0.72,0.6,0.58,0.2,0.08
bloomfilter,BigBaseline02,Shaughnessy playoff system,Sports_50,0.1,0.02,0.06,0.04,0.12,0.12,0.22,0.26,0.04,0.22,0.24,0.04,0.12,0.18,0.04,0.38,0.08,0.04,0.26,0.1,0.34,0.04,0.74,0.66,0.72,0.22,0.04
bloomfilter,BigBaseline02,Sports biomechanics,Sports_50,0.0,0.02,0.06,0.04,0.04,0.08,0.04,0.08,0.06,0.06,0.04,0.02,0.04,0.02,0.04,0.08,0.02,0.0,0.08,0.06,0.18,0.0,0.34,0.42,0.42,0.08,0.0
bloomfilter,BigBaseline02,Supporters' trust,Sports_50,0.1,0.06,0.14,0.06,0.12,0.22,0.14,0.24,0.12,0.14,0.2,0.14,0.1,0.06,0.08,0.24,0.18,0.12,0.2,0.24,0.3,0.1,0.7,0.64,0.72,0.18,0.08
bloomfilter,BigBaseline02,Uniformed Derby,Sports_50,0.04,0.06,0.02,0.04,0.04,0.06,0.08,0.06,0.06,0.02,0.06,0.06,0.04,0.08,0.04,0.08,0.04,0.04,0.06,0.04,0.0,0.02,0.18,0.18,0.16,0.06,0.06
bloomfilter,BigBaseline02,Varsity team,Sports_50,0.08,0.08,0.08,0.06,0.14,0.16,0.08,0.18,0.06,0.08,0.1,0.1,0.08,0.06,0.04,0.1,0.08,0.08,0.16,0.18,0.18,0.1,0.66,0.72,0.78,0.16,0.04
bloomfilter,BigBaseline02,1953 Commonwealth Prime Ministers' Conference,Politics_50,0.02,0.0,0.02,0.02,0.04,0.02,0.04,0.04,0.0,0.02,0.02,0.02,0.02,0.02,0.0,0.02,0.04,0.02,0.02,0.06,0.06,0.04,0.36,0.38,0.4,0.04,0.02
bloomfilter,BigBaseline02,2007 Swazi general strike,Politics_50,0.04,0.06,0.02,0.0,0.1,0.1,0.02,0.08,0.04,0.04,0.12,0.1,0.06,0.04,0.02,0.04,0.14,0.06,0.14,0.1,0.16,0.04,0.42,0.38,0.46,0.04,0.02
bloomfilter,BigBaseline02,2016 Hong Kong LegCo candidates' disqualification controversy,Politics_50,0.04,0.08,0.1,0.06,0.28,0.32,0.02,0.26,0.06,0.12,0.26,0.22,0.1,0.06,0.06,0.14,0.26,0.16,0.24,0.22,0.32,0.12,0.82,0.74,0.76,0.12,0.04
bloomfilter,BigBaseline02,AKPD Message and Media,Politics_50,0.04,0.04,0.12,0.08,0.16,0.1,0.04,0.16,0.04,0.1,0.1,0.08,0.02,0.02,0.0,0.04,0.14,0.06,0.12,0.12,0.18,0.04,0.26,0.2,0.26,0.04,0.02
bloomfilter,BigBaseline02,Aid for the Elderly in Government Institutions,Politics_50,0.0,0.0,0.02,0.04,0.02,0.02,0.0,0.04,0.02,0.0,0.0,0.02,0.0,0.02,0.0,0.02,0.02,0.04,0.02,0.02,0.06,0.04,0.14,0.12,0.14,0.0,0.0
bloomfilter,BigBaseline02,Asian values,Politics_50,0.06,0.1,0.08,0.08,0.24,0.22,0.04,0.24,0.08,0.12,0.2,0.18,0.14,0.08,0.02,0.12,0.24,0.12,0.22,0.24,0.28,0.14,0.8,0.78,0.82,0.14,0.1
bloomfilter,BigBaseline02,Bratislava Declaration,Politics_50,0.0,0.02,0.0,0.0,0.08,0.02,0.0,0.04,0.04,0.04,0.04,0.0,0.02,0.0,0.02,0.02,0.08,0.06,0.04,0.06,0.06,0.06,0.22,0.24,0.26,0.0,0.04
bloomfilter,BigBaseline02,Capitalist peace,Politics_50,0.02,0.08,0.14,0.02,0.1,0.08,0.06,0.18,0.08,0.12,0.14,0.1,0.1,0.02,0.04,0.02,0.1,0.04,0.2,0.12,0.3,0.06,0.8,0.96,0.9,0.04,0.1
bloomfilter,BigBaseline02,Civil authority,Politics_50,0.0,0.08,0.04,0.04,0.12,0.08,0.0,0.08,0.02,0.04,0.08,0.06,0.04,0.0,0.02,0.0,0.1,0.08,0.14,0.12,0.12,0.1,0.5,0.5,0.6,0.06,0.04
bloomfilter,BigBaseline02,Consensus government,Politics_50,0.0,0.02,0.02,0.04,0.08,0.04,0.0,0.08,0.0,0.04,0.06,0.04,0.06,0.0,0.02,0.02,0.08,0.0,0.08,0.08,0.06,0.04,0.2,0.16,0.2,0.06,0.0
bloomfilter,BigBaseline02,Dual federalism,Politics_50,0.06,0.12,0.04,0.06,0.24,0.18,0.04,0.22,0.06,0.1,0.22,0.18,0.16,0.04,0.06,0.1,0.24,0.1,0.2,0.16,0.28,0.12,0.8,0.76,0.8,0.12,0.06
bloomfilter,BigBaseline02,Everything which is not forbidden is allowed,Politics_50,0.06,0.08,0.04,0.04,0.14,0.08,0.02,0.12,0.04,0.1,0.08,0.08,0.06,0.04,0.06,0.06,0.1,0.12,0.08,0.12,0.12,0.12,0.34,0.36,0.46,0.06,0.08
bloomfilter,BigBaseline02,Free Speech For People,Politics_50,0.1,0.22,0.18,0.2,0.28,0.24,0.06,0.34,0.08,0.2,0.28,0.24,0.08,0.06,0.02,0.12,0.34,0.16,0.26,0.22,0.4,0.18,0.78,0.66,0.8,0.2,0.04
bloomfilter,BigBaseline02,LiquidFeedback,Politics_50,0.02,0.02,0.02,0.04,0.14,0.08,0.02,0.14,0.02,0.04,0.06,0.04,0.04,0.02,0.0,0.04,0.06,0.06,0.08,0.04,0.28,0.04,0.84,0.92,0.92,0.02,0.04
bloomfilter,BigBaseline02,Monarchomachs,Politics_50,0.1,0.14,0.02,0.04,0.32,0.18,0.06,0.3,0.1,0.18,0.26,0.22,0.16,0.08,0.02,0.04,0.3,0.28,0.34,0.2,0.36,0.28,0.78,0.66,0.76,0.16,0.14
bloomfilter,BigBaseline02,Neighbourhood effect,Politics_50,0.02,0.04,0.02,0.08,0.12,0.12,0.0,0.16,0.06,0.04,0.12,0.14,0.04,0.04,0.0,0.02,0.1,0.0,0.14,0.1,0.32,0.02,0.74,0.84,0.9,0.1,0.06
bloomfilter,BigBaseline02,Outpost (civilian),Politics_50,0.02,0.0,0.0,0.0,0.06,0.02,0.02,0.04,0.0,0.02,0.06,0.02,0.04,0.0,0.0,0.02,0.06,0.0,0.04,0.04,0.04,0.04,0.18,0.16,0.16,0.06,0.02
bloomfilter,BigBaseline02,Principled Distance,Politics_50,0.08,0.12,0.06,0.04,0.18,0.18,0.04,0.16,0.06,0.08,0.16,0.16,0.1,0.04,0.0,0.06,0.14,0.14,0.14,0.12,0.22,0.12,0.64,0.74,0.8,0.1,0.14
bloomfilter,BigBaseline02,Provisions of the Patient Protection and Affordable Care Act,Politics_50,0.08,0.1,0.08,0.16,0.14,0.1,0.04,0.2,0.1,0.1,0.16,0.12,0.04,0.04,0.02,0.1,0.1,0.08,0.14,0.1,0.3,0.06,0.88,0.88,0.9,0.08,0.06
bloomfilter,BigBaseline02,Reform (religion),Politics_50,0.12,0.1,0.02,0.04,0.14,0.2,0.02,0.12,0.1,0.16,0.14,0.16,0.08,0.1,0.08,0.04,0.22,0.32,0.28,0.24,0.3,0.2,0.6,0.6,0.68,0.06,0.14
bloomfilter,BigBaseline02,Seven Star Movement,Politics_50,0.06,0.1,0.1,0.12,0.18,0.12,0.06,0.12,0.06,0.08,0.16,0.12,0.06,0.1,0.02,0.1,0.16,0.1,0.14,0.16,0.18,0.08,0.5,0.4,0.5,0.06,0.06
bloomfilter,BigBaseline02,Take Back Parliament - Lebanon,Politics_50,0.04,0.12,0.1,0.1,0.16,0.18,0.04,0.22,0.02,0.08,0.2,0.12,0.04,0.02,0.0,0.06,0.18,0.06,0.24,0.14,0.3,0.06,0.68,0.58,0.64,0.04,0.06
bloomfilter,BigBaseline02,The International Resource Privilege,Politics_50,0.02,0.12,0.08,0.1,0.32,0.14,0.02,0.22,0.1,0.12,0.26,0.18,0.06,0.1,0.06,0.08,0.26,0.16,0.32,0.22,0.38,0.16,0.7,0.58,0.58,0.1,0.06
bloomfilter,BigBaseline02,The Rise of Victimhood Culture,Politics_50,0.08,0.14,0.08,0.12,0.26,0.24,0.16,0.28,0.02,0.12,0.16,0.24,0.1,0.18,0.04,0.16,0.24,0.2,0.26,0.22,0.22,0.16,0.8,0.68,0.78,0.04,0.1
bloomfilter,BigBaseline02,Timeline of the Gwangmu Reform,Politics_50,0.0,0.04,0.04,0.02,0.16,0.08,0.04,0.1,0.0,0.14,0.12,0.06,0.04,0.02,0.02,0.04,0.12,0.12,0.1,0.16,0.22,0.12,0.4,0.26,0.34,0.08,0.06
bloomfilter,BigBaseline02,Voting at Melodifestivalen,Politics_50,0.08,0.02,0.08,0.02,0.1,0.12,0.14,0.16,0.0,0.1,0.12,0.08,0.08,0.04,0.0,0.12,0.08,0.04,0.18,0.16,0.34,0.02,0.7,0.56,0.66,0.08,0.06
bloomfilter,BigBaseline02,Years of Lead,Politics_50,0.02,0.04,0.04,0.02,0.12,0.04,0.0,0.1,0.0,0.06,0.1,0.1,0.02,0.06,0.0,0.04,0.12,0.1,0.14,0.12,0.18,0.1,0.4,0.36,0.42,0.0,0.04
bloomfilter,BigBaseline02,Apparent wind,Geography_50,0.06,0.02,0.2,0.1,0.06,0.16,0.06,0.24,0.16,0.22,0.2,0.02,0.1,0.08,0.26,0.26,0.0,0.04,0.18,0.12,0.4,0.08,0.66,0.78,0.66,0.36,0.02
bloomfilter,BigBaseline02,Caribmap,Geography_50,0.08,0.06,0.08,0.0,0.1,0.06,0.02,0.12,0.02,0.08,0.12,0.06,0.1,0.04,0.06,0.04,0.06,0.04,0.1,0.16,0.16,0.1,0.5,0.64,0.68,0.1,0.02
bloomfilter,BigBaseline02,Circle of equal altitude,Geography_50,0.02,0.0,0.02,0.0,0.06,0.02,0.0,0.04,0.04,0.04,0.04,0.02,0.04,0.02,0.06,0.02,0.02,0.02,0.04,0.0,0.1,0.04,0.16,0.22,0.18,0.12,0.04
bloomfilter,BigBaseline02,"Constant bearing, decreasing range",Geography_50,0.04,0.02,0.08,0.06,0.1,0.12,0.02,0.14,0.06,0.14,0.18,0.06,0.06,0.02,0.04,0.14,0.04,0.04,0.1,0.18,0.26,0.12,0.6,0.7,0.74,0.2,0.0
bloomfilter,BigBaseline02,Daboll trumpet,Geography_50,0.06,0.02,0.22,0.06,0.08,0.12,0.06,0.28,0.12,0.2,0.18,0.08,0.1,0.08,0.18,0.16,0.06,0.04,0.16,0.22,0.42,0.14,0.68,0.76,0.72,0.36,0.0
bloomfilter,BigBaseline02,Earth,Geography_50,0.0,0.0,0.12,0.06,0.04,0.02,0.0,0.08,0.16,0.12,0.22,0.0,0.02,0.06,0.28,0.1,0.0,0.02,0.2,0.14,0.34,0.08,0.98,1.0,0.9,0.24,0.0
bloomfilter,BigBaseline02,Genius loci,Geography_50,0.18,0.14,0.08,0.08,0.2,0.14,0.08,0.16,0.1,0.2,0.2,0.14,0.08,0.02,0.08,0.12,0.12,0.16,0.2,0.28,0.24,0.16,0.76,0.64,0.7,0.2,0.12
bloomfilter,BigBaseline02,GeoRSS,Geography_50,0.02,0.04,0.16,0.02,0.1,0.08,0.1,0.12,0.06,0.16,0.12,0.04,0.1,0.0,0.0,0.02,0.02,0.0,0.04,0.06,0.22,0.0,0.5,0.58,0.66,0.12,0.04
bloomfilter,BigBaseline02,List of historical maps,Geography_50,0.0,0.0,0.0,0.0,0.0,0.0,0.0,0.0,0.0,0.0,0.0,0.0,0.0,0.0,0.0,0.0,0.0,0.0,0.0,0.0,0.0,0.0,0.02,0.04,0.04,0.0,0.0
bloomfilter,BigBaseline02,"List of political and geographic subdivisions by total area from 100,000 to 200,000 square kilometers",Geography_50,0.0,0.0,0.0,0.0,0.0,0.0,0.0,0.0,0.0,0.0,0.0,0.0,0.0,0.0,0.0,0.0,0.0,0.0,0.0,0.0,0.0,0.0,0.02,0.02,0.02,0.0,0.0
bloomfilter,BigBaseline02,"List of towns and cities with 100,000 or more inhabitants/cityname: J",Geography_50,0.0,0.0,0.0,0.0,0.0,0.0,0.0,0.0,0.0,0.0,0.0,0.0,0.0,0.0,0.0,0.0,0.0,0.0,0.0,0.0,0.0,0.0,0.04,0.04,0.04,0.0,0.0
bloomfilter,BigBaseline02,Lists of things named after places,Geography_50,0.0,0.0,0.0,0.0,0.0,0.0,0.0,0.0,0.0,0.0,0.0,0.0,0.0,0.0,0.0,0.0,0.0,0.0,0.0,0.0,0.02,0.0,0.06,0.06,0.06,0.0,0.0
bloomfilter,BigBaseline02,Mesa,Geography_50,0.02,0.06,0.14,0.14,0.06,0.16,0.04,0.18,0.08,0.2,0.34,0.04,0.14,0.06,0.32,0.18,0.04,0.08,0.22,0.14,0.18,0.18,0.72,0.68,0.62,0.46,0.06
bloomfilter,BigBaseline02,Regrading,Geography_50,0.02,0.02,0.0,0.02,0.02,0.02,0.0,0.08,0.0,0.04,0.04,0.04,0.02,0.0,0.08,0.04,0.0,0.0,0.06,0.0,0.06,0.0,0.2,0.26,0.2,0.06,0.0
bloomfilter,BigBaseline02,Systematic reconnaissance flight,Geography_50,0.0,0.0,0.04,0.0,0.02,0.02,0.0,0.06,0.02,0.04,0.06,0.02,0.02,0.0,0.02,0.02,0.02,0.0,0.06,0.08,0.14,0.02,0.28,0.28,0.24,0.1,0.0
bloomfilter,BigBaseline02,Triangulation (surveying),Geography_50,0.02,0.1,0.1,0.04,0.12,0.06,0.06,0.12,0.1,0.16,0.12,0.12,0.04,0.06,0.06,0.06,0.1,0.04,0.16,0.12,0.26,0.08,0.8,0.8,0.78,0.2,0.02
bloomfilter,BigBaseline02,Art Workers News and Art &amp; Artists,Humanities_50,0.06,0.06,0.06,0.08,0.08,0.12,0.08,0.1,0.06,0.08,0.12,0.08,0.04,0.06,0.02,0.1,0.08,0.04,0.08,0.06,0.24,0.02,0.88,0.86,0.94,0.12,0.02
bloomfilter,BigBaseline02,Awaze Tribune,Humanities_50,0.08,0.06,0.06,0.04,0.08,0.04,0.08,0.14,0.04,0.08,0.1,0.1,0.12,0.06,0.0,0.06,0.08,0.06,0.1,0.14,0.16,0.06,0.4,0.42,0.5,0.06,0.06
bloomfilter,BigBaseline02,Basic needs,Humanities_50,0.02,0.0,0.0,0.08,0.12,0.12,0.02,0.14,0.04,0.12,0.1,0.08,0.06,0.02,0.02,0.08,0.08,0.02,0.16,0.14,0.28,0.0,0.8,0.88,0.94,0.06,0.02
bloomfilter,BigBaseline02,Bertrand Russell,Humanities_50,0.04,0.12,0.08,0.04,0.2,0.12,0.08,0.1,0.02,0.1,0.1,0.22,0.1,0.08,0.0,0.1,0.2,0.14,0.22,0.2,0.22,0.12,0.92,0.8,0.92,0.08,0.06
bloomfilter,BigBaseline02,Bibliography of encyclopedias: art and artists,Humanities_50,0.0,0.0,0.0,0.0,0.0,0.0,0.0,0.0,0.0,0.0,0.0,0.0,0.0,0.0,0.0,0.0,0.0,0.0,0.0,0.0,0.0,0.0,0.04,0.04,0.04,0.0,0.0
bloomfilter,BigBaseline02,Bourgeois tragedy,Humanities_50,0.12,0.18,0.02,0.06,0.2,0.14,0.16,0.18,0.06,0.24,0.14,0.14,0.1,0.08,0.04,0.0,0.2,0.14,0.32,0.22,0.36,0.14,0.66,0.6,0.68,0.06,0.16
bloomfilter,BigBaseline02,Caucasology,Humanities_50,0.0,0.02,0.0,0.02,0.0,0.02,0.02,0.02,0.0,0.02,0.02,0.02,0.0,0.0,0.0,0.02,0.02,0.0,0.0,0.0,0.02,0.0,0.08,0.1,0.1,0.02,0.02
bloomfilter,BigBaseline02,Cross-genre,Humanities_50,0.12,0.1,0.04,0.06,0.08,0.04,0.1,0.08,0.04,0.1,0.08,0.06,0.06,0.08,0.02,0.02,0.04,0.08,0.08,0.1,0.08,0.06,0.3,0.28,0.32,0.0,0.1
bloomfilter,BigBaseline02,Cultureme,Humanities_50,0.18,0.1,0.1,0.04,0.18,0.12,0.1,0.16,0.1,0.14,0.14,0.08,0.08,0.02,0.04,0.08,0.06,0.06,0.18,0.16,0.22,0.12,0.66,0.86,0.82,0.14,0.08
bloomfilter,BigBaseline02,Deep social mind,Humanities_50,0.04,0.1,0.04,0.04,0.06,0.08,0.04,0.06,0.1,0.08,0.08,0.1,0.12,0.06,0.08,0.04,0.06,0.06,0.1,0.08,0.26,0.08,0.58,0.68,0.74,0.04,0.08
bloomfilter,BigBaseline02,Dematerialization (art),Humanities_50,0.0,0.0,0.0,0.0,0.0,0.0,0.0,0.0,0.0,0.0,0.0,0.0,0.0,0.0,0.0,0.0,0.0,0.0,0.0,0.0,0.06,0.0,0.12,0.12,0.12,0.0,0.0
bloomfilter,BigBaseline02,Fictional location,Humanities_50,0.06,0.1,0.02,0.0,0.14,0.08,0.08,0.2,0.06,0.16,0.04,0.08,0.12,0.04,0.04,0.0,0.08,0.08,0.16,0.26,0.26,0.1,0.76,0.8,0.82,0.12,0.08
bloomfilter,BigBaseline02,First-person narrative,Humanities_50,0.16,0.14,0.1,0.02,0.14,0.18,0.16,0.14,0.1,0.18,0.1,0.1,0.18,0.14,0.04,0.06,0.1,0.12,0.3,0.24,0.38,0.08,0.82,0.76,0.82,0.02,0.16
bloomfilter,BigBaseline02,Four Treasures of the Study,Humanities_50,0.24,0.18,0.12,0.12,0.08,0.12,0.14,0.26,0.16,0.26,0.14,0.06,0.18,0.2,0.2,0.14,0.06,0.22,0.2,0.24,0.34,0.08,0.62,0.66,0.56,0.16,0.36
bloomfilter,BigBaseline02,Human ecosystem,Humanities_50,0.0,0.02,0.0,0.02,0.04,0.02,0.0,0.04,0.04,0.02,0.06,0.04,0.02,0.04,0.04,0.0,0.02,0.02,0.06,0.0,0.08,0.02,0.22,0.28,0.3,0.04,0.02
bloomfilter,BigBaseline02,Index of history articles,Humanities_50,0.0,0.0,0.0,0.0,0.0,0.0,0.0,0.0,0.0,0.0,0.0,0.0,0.0,0.0,0.0,0.0,0.0,0.0,0.0,0.0,0.02,0.0,0.14,0.14,0.14,0.0,0.0
bloomfilter,BigBaseline02,Jurisprudence,Humanities_50,0.04,0.06,0.0,0.0,0.18,0.16,0.04,0.14,0.06,0.08,0.1,0.1,0.08,0.06,0.02,0.04,0.16,0.08,0.18,0.14,0.34,0.04,0.78,0.86,0.92,0.06,0.04
bloomfilter,BigBaseline02,Legal history,Humanities_50,0.06,0.08,0.04,0.04,0.16,0.08,0.02,0.12,0.04,0.12,0.1,0.1,0.04,0.0,0.04,0.04,0.12,0.14,0.14,0.1,0.26,0.14,0.84,0.84,0.96,0.12,0.04
bloomfilter,BigBaseline02,Linguistic insecurity,Humanities_50,0.04,0.08,0.04,0.06,0.08,0.14,0.06,0.16,0.06,0.08,0.06,0.04,0.2,0.06,0.04,0.02,0.04,0.02,0.18,0.12,0.34,0.02,0.76,0.84,0.94,0.06,0.12
bloomfilter,BigBaseline02,Mughal Tahakhana,Humanities_50,0.14,0.08,0.14,0.02,0.1,0.18,0.06,0.18,0.04,0.22,0.08,0.08,0.04,0.06,0.16,0.02,0.06,0.12,0.14,0.2,0.28,0.1,0.56,0.42,0.44,0.22,0.12
bloomfilter,BigBaseline02,Narrative,Humanities_50,0.06,0.08,0.04,0.0,0.02,0.02,0.08,0.04,0.04,0.08,0.0,0.02,0.06,0.02,0.0,0.0,0.0,0.04,0.1,0.1,0.18,0.04,0.88,0.96,0.98,0.02,0.08
bloomfilter,BigBaseline02,Narrative criticism,Humanities_50,0.1,0.14,0.04,0.0,0.04,0.06,0.1,0.1,0.04,0.22,0.06,0.08,0.1,0.08,0.04,0.02,0.04,0.12,0.3,0.24,0.38,0.14,0.6,0.62,0.66,0.06,0.14
bloomfilter,BigBaseline02,Neo-Aristotelianism,Humanities_50,0.02,0.04,0.02,0.0,0.08,0.06,0.04,0.06,0.04,0.04,0.04,0.02,0.02,0.02,0.0,0.04,0.06,0.02,0.1,0.08,0.1,0.0,0.38,0.38,0.44,0.04,0.04
bloomfilter,BigBaseline02,Paleofeces,Humanities_50,0.08,0.1,0.14,0.18,0.14,0.08,0.04,0.24,0.2,0.18,0.24,0.04,0.06,0.18,0.16,0.04,0.08,0.04,0.16,0.12,0.26,0.16,0.9,0.88,0.8,0.14,0.08
bloomfilter,BigBaseline02,Phum Snay,Humanities_50,0.14,0.16,0.12,0.08,0.16,0.12,0.1,0.12,0.06,0.16,0.16,0.2,0.16,0.16,0.16,0.1,0.1,0.18,0.36,0.26,0.34,0.2,0.82,0.7,0.74,0.16,0.2
bloomfilter,BigBaseline02,Pizza effect,Humanities_50,0.04,0.06,0.06,0.0,0.1,0.12,0.08,0.22,0.06,0.16,0.3,0.08,0.12,0.08,0.14,0.08,0.12,0.16,0.2,0.2,0.28,0.08,0.82,0.8,0.82,0.12,0.14
bloomfilter,BigBaseline02,Plot twist,Humanities_50,0.22,0.24,0.06,0.06,0.2,0.1,0.3,0.16,0.12,0.22,0.16,0.18,0.14,0.22,0.06,0.12,0.14,0.18,0.28,0.34,0.32,0.16,0.9,0.66,0.78,0.08,0.28
bloomfilter,BigBaseline02,Pro-war rhetoric,Humanities_50,0.08,0.1,0.0,0.04,0.18,0.16,0.06,0.14,0.06,0.12,0.1,0.12,0.08,0.06,0.0,0.02,0.16,0.1,0.28,0.16,0.32,0.14,0.5,0.58,0.64,0.0,0.08
bloomfilter,BigBaseline02,Public history,Humanities_50,0.04,0.08,0.02,0.04,0.14,0.08,0.02,0.1,0.04,0.1,0.08,0.04,0.04,0.02,0.02,0.06,0.04,0.04,0.12,0.1,0.24,0.08,0.82,0.86,0.96,0.04,0.0
bloomfilter,BigBaseline02,Realism (art movement),Humanities_50,0.26,0.24,0.04,0.02,0.12,0.14,0.1,0.06,0.12,0.2,0.06,0.08,0.08,0.12,0.08,0.02,0.12,0.06,0.2,0.16,0.24,0.06,0.62,0.74,0.8,0.06,0.12
bloomfilter,BigBaseline02,Reginald Piggott,Humanities_50,0.06,0.08,0.08,0.04,0.08,0.08,0.08,0.1,0.06,0.08,0.12,0.08,0.04,0.04,0.08,0.1,0.1,0.08,0.14,0.08,0.18,0.06,0.68,0.84,0.84,0.06,0.04
bloomfilter,BigBaseline02,Semantic analysis (linguistics),Humanities_50,0.06,0.1,0.06,0.02,0.04,0.06,0.08,0.06,0.04,0.08,0.04,0.02,0.08,0.02,0.02,0.02,0.0,0.04,0.06,0.04,0.14,0.06,0.28,0.42,0.46,0.1,0.1
bloomfilter,BigBaseline02,The Mysterious Numbers of the Hebrew Kings,Humanities_50,0.02,0.04,0.04,0.02,0.08,0.06,0.02,0.14,0.04,0.14,0.02,0.06,0.06,0.0,0.0,0.0,0.06,0.06,0.1,0.1,0.16,0.16,0.82,0.82,0.88,0.12,0.04
bloomfilter,BigBaseline02,Commentary on Edward Snowden's disclosure,World_50,0.06,0.06,0.04,0.06,0.16,0.1,0.06,0.12,0.06,0.08,0.22,0.12,0.06,0.06,0.06,0.1,0.16,0.1,0.16,0.16,0.22,0.1,0.9,0.78,0.88,0.04,0.02
bloomfilter,BigBaseline02,International community,World_50,0.02,0.04,0.06,0.04,0.1,0.06,0.0,0.1,0.0,0.04,0.1,0.06,0.06,0.02,0.0,0.02,0.08,0.04,0.1,0.08,0.1,0.06,0.46,0.44,0.48,0.0,0.02
bloomfilter,BigBaseline02,"Partnership for Maternal, Newborn &amp; Child Health",World_50,0.02,0.04,0.04,0.14,0.06,0.06,0.02,0.08,0.04,0.1,0.16,0.08,0.06,0.04,0.0,0.04,0.08,0.08,0.1,0.08,0.14,0.06,0.62,0.66,0.68,0.06,0.02
bloomfilter,BigBaseline02,World,World_50,0.02,0.04,0.02,0.0,0.1,0.06,0.0,0.08,0.06,0.1,0.12,0.04,0.04,0.06,0.06,0.0,0.1,0.1,0.18,0.06,0.3,0.04,0.8,1.0,0.92,0.06,0.04
bloomfilter,BigBaseline02,World Rugby Rankings,World_50,0.02,0.0,0.0,0.04,0.04,0.08,0.1,0.12,0.0,0.06,0.1,0.02,0.06,0.06,0.04,0.14,0.04,0.02,0.1,0.06,0.22,0.06,0.78,0.86,0.9,0.06,0.04
bloomfilter,BigBaseline02,Academic specialization,Education_50,0.04,0.02,0.02,0.02,0.04,0.06,0.02,0.12,0.06,0.08,0.02,0.0,0.08,0.02,0.0,0.02,0.02,0.02,0.1,0.08,0.14,0.02,0.24,0.26,0.3,0.02,0.0
bloomfilter,BigBaseline02,Adobe Captivate,Education_50,0.02,0.02,0.08,0.02,0.04,0.04,0.06,0.06,0.0,0.04,0.02,0.04,0.02,0.0,0.02,0.0,0.02,0.0,0.04,0.04,0.12,0.02,0.32,0.36,0.34,0.04,0.02
bloomfilter,BigBaseline02,Bloom's taxonomy,Education_50,0.04,0.04,0.08,0.06,0.06,0.14,0.06,0.14,0.12,0.16,0.18,0.02,0.16,0.0,0.04,0.08,0.0,0.0,0.16,0.02,0.34,0.04,0.78,0.86,0.94,0.14,0.06
bloomfilter,BigBaseline02,Career Clusters,Education_50,0.04,0.06,0.06,0.06,0.08,0.14,0.04,0.12,0.1,0.12,0.1,0.08,0.08,0.08,0.04,0.04,0.02,0.0,0.12,0.04,0.18,0.06,0.52,0.68,0.7,0.1,0.02
bloomfilter,BigBaseline02,Collaborative pedagogy,Education_50,0.08,0.14,0.1,0.08,0.12,0.2,0.08,0.26,0.14,0.16,0.12,0.1,0.16,0.02,0.02,0.08,0.1,0.04,0.22,0.12,0.28,0.04,0.8,0.8,0.92,0.06,0.12
bloomfilter,BigBaseline02,Contextual learning,Education_50,0.02,0.02,0.0,0.0,0.02,0.04,0.0,0.04,0.04,0.04,0.02,0.02,0.04,0.0,0.0,0.0,0.02,0.02,0.04,0.0,0.1,0.0,0.5,0.56,0.58,0.02,0.0
bloomfilter,BigBaseline02,Double deficit (education),Education_50,0.02,0.04,0.02,0.04,0.02,0.06,0.02,0.04,0.06,0.04,0.04,0.04,0.06,0.02,0.0,0.04,0.02,0.0,0.04,0.04,0.04,0.04,0.1,0.1,0.14,0.02,0.04
bloomfilter,BigBaseline02,Dropping out,Education_50,0.02,0.06,0.04,0.16,0.14,0.16,0.04,0.16,0.1,0.06,0.12,0.14,0.1,0.06,0.0,0.12,0.12,0.06,0.14,0.12,0.26,0.04,0.78,0.82,0.8,0.1,0.08
bloomfilter,BigBaseline02,Forest school (learning style),Education_50,0.06,0.1,0.08,0.1,0.1,0.2,0.04,0.16,0.1,0.14,0.2,0.16,0.16,0.06,0.06,0.06,0.06,0.04,0.18,0.14,0.32,0.08,0.82,0.78,0.94,0.14,0.08
bloomfilter,BigBaseline02,Formative assessment,Education_50,0.02,0.1,0.06,0.06,0.06,0.18,0.0,0.18,0.16,0.18,0.08,0.08,0.18,0.0,0.02,0.0,0.02,0.04,0.18,0.04,0.3,0.02,0.74,0.9,0.96,0.04,0.02
bloomfilter,BigBaseline02,Graduate Record Examinations,Education_50,0.02,0.06,0.04,0.08,0.1,0.14,0.02,0.14,0.06,0.08,0.04,0.04,0.06,0.0,0.0,0.06,0.02,0.02,0.08,0.06,0.26,0.06,0.88,0.84,0.92,0.06,0.02
bloomfilter,BigBaseline02,Internet tutorial,Education_50,0.02,0.02,0.02,0.02,0.02,0.04,0.02,0.04,0.04,0.04,0.02,0.02,0.04,0.0,0.0,0.02,0.0,0.02,0.04,0.04,0.04,0.02,0.12,0.08,0.12,0.02,0.02
bloomfilter,BigBaseline02,Item response theory,Education_50,0.02,0.08,0.04,0.12,0.1,0.12,0.02,0.16,0.1,0.14,0.04,0.06,0.1,0.06,0.1,0.08,0.06,0.0,0.12,0.06,0.34,0.08,0.7,0.9,0.94,0.1,0.06
bloomfilter,BigBaseline02,Learning effect (economics),Education_50,0.0,0.02,0.0,0.02,0.02,0.02,0.0,0.02,0.0,0.02,0.02,0.02,0.0,0.0,0.0,0.02,0.02,0.02,0.02,0.0,0.02,0.02,0.1,0.08,0.08,0.0,0.0
bloomfilter,BigBaseline02,Lecture,Education_50,0.06,0.08,0.06,0.04,0.06,0.16,0.06,0.2,0.1,0.14,0.08,0.12,0.16,0.02,0.0,0.06,0.08,0.08,0.14,0.14,0.22,0.04,0.9,0.82,0.96,0.04,0.06
bloomfilter,BigBaseline02,National Alliance of High-level Local Universities,Education_50,0.0,0.0,0.02,0.02,0.02,0.02,0.0,0.02,0.0,0.0,0.02,0.0,0.0,0.0,0.0,0.0,0.02,0.0,0.0,0.02,0.04,0.0,0.1,0.1,0.1,0.02,0.0
bloomfilter,BigBaseline02,National Center for Assessment in Higher Education,Education_50,0.02,0.04,0.04,0.04,0.04,0.06,0.02,0.06,0.02,0.04,0.02,0.04,0.04,0.0,0.0,0.04,0.0,0.02,0.04,0.02,0.28,0.04,0.84,0.92,0.98,0.02,0.02
bloomfilter,BigBaseline02,Nordic Summer University,Education_50,0.0,0.08,0.06,0.06,0.12,0.1,0.02,0.14,0.04,0.08,0.14,0.06,0.08,0.02,0.04,0.12,0.08,0.02,0.08,0.06,0.24,0.06,0.52,0.48,0.52,0.08,0.0
bloomfilter,BigBaseline02,Outline of academia,Education_50,0.0,0.02,0.02,0.02,0.02,0.02,0.0,0.02,0.02,0.02,0.02,0.0,0.02,0.0,0.0,0.02,0.0,0.0,0.02,0.0,0.02,0.0,0.1,0.08,0.1,0.0,0.0
bloomfilter,BigBaseline02,Parallel education,Education_50,0.02,0.02,0.02,0.02,0.04,0.06,0.02,0.04,0.02,0.06,0.04,0.02,0.04,0.04,0.02,0.06,0.04,0.02,0.06,0.06,0.08,0.0,0.24,0.2,0.22,0.02,0.02
bloomfilter,BigBaseline02,Period (school),Education_50,0.04,0.06,0.08,0.08,0.04,0.12,0.02,0.14,0.04,0.12,0.08,0.04,0.14,0.04,0.02,0.06,0.04,0.02,0.08,0.06,0.26,0.02,0.82,0.78,0.82,0.08,0.0
bloomfilter,BigBaseline02,R score,Education_50,0.0,0.0,0.04,0.02,0.04,0.1,0.0,0.12,0.06,0.08,0.04,0.04,0.02,0.02,0.0,0.04,0.02,0.0,0.1,0.04,0.18,0.02,0.62,0.64,0.7,0.06,0.02
bloomfilter,BigBaseline02,Research-informed teaching,Education_50,0.04,0.12,0.08,0.04,0.06,0.16,0.06,0.14,0.12,0.1,0.1,0.12,0.12,0.02,0.02,0.06,0.1,0.1,0.12,0.08,0.22,0.04,0.7,0.62,0.68,0.04,0.06
bloomfilter,BigBaseline02,Scholarship of Teaching and Learning,Education_50,0.0,0.08,0.06,0.08,0.08,0.14,0.0,0.18,0.08,0.12,0.04,0.08,0.12,0.0,0.02,0.02,0.04,0.04,0.18,0.06,0.24,0.02,0.84,0.92,1.0,0.04,0.0
bloomfilter,BigBaseline02,School security,Education_50,0.04,0.06,0.12,0.14,0.14,0.14,0.08,0.2,0.06,0.14,0.16,0.18,0.02,0.08,0.02,0.08,0.06,0.06,0.14,0.16,0.34,0.04,0.9,0.86,0.86,0.14,0.02
bloomfilter,BigBaseline02,Student voice,Education_50,0.04,0.1,0.08,0.1,0.14,0.2,0.04,0.16,0.12,0.12,0.16,0.16,0.12,0.02,0.0,0.1,0.14,0.1,0.18,0.12,0.28,0.08,0.9,0.82,0.96,0.1,0.04
bloomfilter,BigBaseline02,Study software,Education_50,0.02,0.04,0.04,0.04,0.02,0.1,0.02,0.12,0.06,0.1,0.06,0.04,0.04,0.02,0.04,0.02,0.04,0.02,0.12,0.06,0.3,0.02,0.78,0.88,0.92,0.04,0.02
bloomfilter,BigBaseline02,Teacher retention,Education_50,0.04,0.06,0.08,0.12,0.16,0.2,0.02,0.22,0.08,0.16,0.1,0.1,0.1,0.04,0.04,0.08,0.1,0.04,0.18,0.08,0.36,0.04,0.72,0.88,0.96,0.08,0.02
bloomfilter,BigBaseline02,"The Grading of Recommendations Assessment, Development and Evaluation (GRADE) approach",Education_50,0.02,0.04,0.02,0.1,0.1,0.12,0.02,0.16,0.08,0.12,0.1,0.02,0.1,0.02,0.0,0.06,0.02,0.02,0.2,0.06,0.3,0.0,0.7,0.8,0.88,0.08,0.04
bloomfilter,BigBaseline02,Vice-principal,Education_50,0.0,0.06,0.06,0.12,0.18,0.2,0.06,0.2,0.06,0.18,0.1,0.12,0.08,0.04,0.02,0.1,0.14,0.12,0.16,0.12,0.3,0.02,0.82,0.76,0.86,0.08,0.04
bloomfilter,BigBaseline02,Agni Yoga,Philosophy_50,0.04,0.06,0.04,0.04,0.08,0.1,0.02,0.12,0.1,0.04,0.08,0.08,0.1,0.12,0.04,0.04,0.06,0.2,0.2,0.16,0.32,0.1,0.84,0.84,0.86,0.04,0.1
bloomfilter,BigBaseline02,Black cat analogy,Philosophy_50,0.1,0.08,0.04,0.0,0.12,0.06,0.06,0.08,0.04,0.1,0.06,0.06,0.08,0.06,0.06,0.02,0.04,0.08,0.16,0.12,0.22,0.1,0.32,0.3,0.36,0.0,0.12
bloomfilter,BigBaseline02,Entention,Philosophy_50,0.04,0.02,0.02,0.04,0.06,0.06,0.02,0.06,0.02,0.06,0.04,0.04,0.06,0.06,0.08,0.02,0.02,0.04,0.1,0.06,0.08,0.06,0.38,0.4,0.44,0.02,0.06
bloomfilter,BigBaseline02,Ages of consent in Asia,Law_50,0.12,0.24,0.08,0.16,0.28,0.26,0.14,0.24,0.06,0.16,0.22,0.32,0.2,0.14,0.0,0.14,0.24,0.24,0.34,0.3,0.34,0.1,0.82,0.74,0.86,0.1,0.16
bloomfilter,BigBaseline02,Barbados Bar Association,Law_50,0.0,0.02,0.0,0.04,0.04,0.04,0.0,0.04,0.0,0.0,0.02,0.04,0.0,0.0,0.0,0.02,0.02,0.04,0.04,0.04,0.04,0.0,0.08,0.04,0.06,0.02,0.0
bloomfilter,BigBaseline02,Bonus clause,Law_50,0.0,0.0,0.02,0.02,0.04,0.06,0.02,0.06,0.02,0.04,0.04,0.02,0.0,0.0,0.02,0.04,0.06,0.0,0.04,0.04,0.06,0.0,0.14,0.12,0.14,0.02,0.0
bloomfilter,BigBaseline02,Countersign (legal),Law_50,0.0,0.02,0.06,0.06,0.08,0.06,0.0,0.08,0.02,0.06,0.08,0.06,0.04,0.0,0.0,0.06,0.08,0.0,0.04,0.1,0.1,0.04,0.32,0.28,0.28,0.08,0.04
bloomfilter,BigBaseline02,Disbarment,Law_50,0.12,0.14,0.12,0.12,0.42,0.3,0.08,0.36,0.12,0.28,0.18,0.24,0.16,0.14,0.08,0.22,0.28,0.16,0.34,0.32,0.48,0.06,0.78,0.68,0.84,0.22,0.08
bloomfilter,BigBaseline02,Doctrines of civil procedure,Law_50,0.02,0.04,0.02,0.04,0.04,0.04,0.04,0.06,0.02,0.02,0.02,0.04,0.02,0.0,0.0,0.04,0.04,0.04,0.06,0.04,0.08,0.02,0.22,0.2,0.2,0.02,0.02
bloomfilter,BigBaseline02,Elements of the Philosophy of Right,Law_50,0.04,0.08,0.06,0.02,0.12,0.06,0.02,0.1,0.08,0.14,0.1,0.06,0.04,0.06,0.06,0.0,0.16,0.1,0.16,0.12,0.26,0.06,0.84,0.9,0.9,0.04,0.02
bloomfilter,BigBaseline02,Entitlement,Law_50,0.02,0.04,0.02,0.02,0.04,0.04,0.04,0.06,0.04,0.04,0.04,0.06,0.02,0.04,0.02,0.04,0.02,0.02,0.12,0.06,0.14,0.0,0.46,0.58,0.62,0.04,0.02
bloomfilter,BigBaseline02,Excusable negligence,Law_50,0.02,0.02,0.04,0.02,0.06,0.04,0.02,0.04,0.02,0.04,0.02,0.02,0.04,0.0,0.0,0.04,0.02,0.02,0.06,0.02,0.08,0.02,0.14,0.12,0.14,0.04,0.02
bloomfilter,BigBaseline02,Freedom of information,Law_50,0.08,0.06,0.08,0.02,0.16,0.1,0.04,0.14,0.02,0.06,0.12,0.08,0.06,0.04,0.02,0.06,0.1,0.04,0.14,0.1,0.24,0.04,0.8,0.86,0.92,0.06,0.02
bloomfilter,BigBaseline02,Fundamental rights,Law_50,0.04,0.08,0.06,0.06,0.22,0.2,0.04,0.2,0.08,0.1,0.14,0.1,0.1,0.06,0.04,0.06,0.16,0.12,0.2,0.2,0.3,0.1,0.8,0.86,0.92,0.1,0.04
bloomfilter,BigBaseline02,Outline of intellectual property,Law_50,0.04,0.02,0.06,0.02,0.06,0.04,0.02,0.08,0.02,0.06,0.04,0.04,0.02,0.0,0.0,0.02,0.04,0.02,0.06,0.04,0.1,0.04,0.2,0.18,0.24,0.04,0.02
bloomfilter,BigBaseline02,Pandectists,Law_50,0.08,0.06,0.02,0.02,0.1,0.06,0.04,0.08,0.06,0.06,0.08,0.06,0.06,0.0,0.02,0.04,0.08,0.08,0.1,0.06,0.1,0.04,0.12,0.12,0.14,0.04,0.06
bloomfilter,BigBaseline02,Philosophy of law,Law_50,0.02,0.08,0.0,0.06,0.2,0.14,0.02,0.1,0.06,0.08,0.06,0.1,0.1,0.08,0.02,0.04,0.12,0.1,0.18,0.16,0.3,0.06,0.72,0.84,0.9,0.06,0.06
bloomfilter,BigBaseline02,Plain language,Law_50,0.04,0.04,0.02,0.02,0.02,0.04,0.04,0.08,0.08,0.08,0.06,0.06,0.08,0.02,0.02,0.02,0.04,0.04,0.08,0.06,0.2,0.02,0.84,0.94,0.98,0.04,0.04
bloomfilter,BigBaseline02,Public interest,Law_50,0.04,0.04,0.08,0.06,0.14,0.14,0.02,0.18,0.02,0.18,0.1,0.08,0.08,0.04,0.02,0.06,0.16,0.02,0.16,0.1,0.4,0.06,0.74,0.82,0.94,0.06,0.04
bloomfilter,BigBaseline02,Session laws,Law_50,0.02,0.06,0.04,0.02,0.1,0.08,0.02,0.08,0.02,0.04,0.06,0.06,0.04,0.0,0.0,0.02,0.06,0.04,0.1,0.08,0.1,0.02,0.24,0.2,0.24,0.08,0.0
bloomfilter,BigBaseline02,Tribal chief,Law_50,0.02,0.12,0.04,0.06,0.16,0.1,0.04,0.16,0.06,0.14,0.2,0.14,0.14,0.06,0.1,0.02,0.22,0.14,0.16,0.2,0.22,0.22,0.84,0.78,0.8,0.1,0.14
bloomfilter,BigBaseline02,Women's empowerment,Law_50,0.02,0.08,0.08,0.12,0.12,0.16,0.04,0.16,0.02,0.06,0.14,0.14,0.04,0.02,0.02,0.04,0.1,0.04,0.1,0.06,0.26,0.02,0.82,0.92,0.88,0.02,0.04
bloomfilter,BigBaseline02,Event,Events_50,0.0,0.0,0.0,0.0,0.0,0.0,0.0,0.0,0.0,0.0,0.0,0.0,0.0,0.0,0.0,0.0,0.0,0.0,0.0,0.0,0.0,0.0,0.02,0.02,0.02,0.0,0.0
bloomfilter,BigBaseline02,UFC Fight Night: Blaydes vs. Ngannou 2,Events_50,0.04,0.02,0.04,0.08,0.04,0.1,0.14,0.1,0.0,0.06,0.12,0.06,0.06,0.1,0.02,0.16,0.04,0.08,0.12,0.1,0.14,0.06,0.32,0.22,0.36,0.04,0.04
bloomfilter,BigBaseline02,Antinutrient,Health_50,0.1,0.02,0.14,0.46,0.12,0.2,0.04,0.26,0.26,0.18,0.4,0.04,0.08,0.3,0.32,0.1,0.02,0.04,0.18,0.18,0.32,0.12,0.62,0.58,0.68,0.18,0.16
bloomfilter,BigBaseline02,Asbestos and the law (United States),Health_50,0.02,0.08,0.06,0.1,0.22,0.12,0.04,0.18,0.06,0.08,0.08,0.14,0.04,0.0,0.0,0.08,0.18,0.06,0.18,0.22,0.34,0.06,0.88,0.82,0.88,0.08,0.02
bloomfilter,BigBaseline02,Audacious Inquiry,Health_50,0.04,0.02,0.08,0.08,0.1,0.1,0.02,0.12,0.08,0.02,0.1,0.06,0.04,0.02,0.02,0.04,0.04,0.0,0.08,0.04,0.18,0.04,0.38,0.4,0.38,0.04,0.02
bloomfilter,BigBaseline02,Cambridge Pulmonary Hypertension Outcome Review,Health_50,0.02,0.04,0.0,0.14,0.06,0.08,0.02,0.08,0.06,0.04,0.12,0.02,0.12,0.06,0.0,0.08,0.02,0.02,0.1,0.02,0.18,0.02,0.42,0.4,0.42,0.02,0.04
bloomfilter,BigBaseline02,Cannabis and religion,Health_50,0.12,0.18,0.02,0.18,0.34,0.2,0.04,0.24,0.12,0.16,0.24,0.18,0.14,0.24,0.08,0.04,0.2,0.4,0.4,0.34,0.46,0.16,0.86,0.58,0.62,0.08,0.14
bloomfilter,BigBaseline02,Childbirth positions,Health_50,0.14,0.1,0.08,0.28,0.18,0.06,0.1,0.12,0.06,0.06,0.12,0.14,0.16,0.2,0.08,0.26,0.08,0.06,0.14,0.12,0.22,0.1,0.66,0.66,0.7,0.06,0.18
bloomfilter,BigBaseline02,Dance and health,Health_50,0.1,0.14,0.02,0.18,0.12,0.08,0.12,0.14,0.12,0.08,0.16,0.08,0.14,0.2,0.1,0.22,0.02,0.06,0.12,0.14,0.26,0.06,0.86,0.8,0.84,0.04,0.16
bloomfilter,BigBaseline02,Dry cleaning,Health_50,0.14,0.06,0.3,0.24,0.14,0.08,0.04,0.4,0.2,0.26,0.26,0.16,0.02,0.08,0.36,0.22,0.04,0.12,0.18,0.12,0.4,0.06,0.7,0.74,0.7,0.16,0.1
bloomfilter,BigBaseline02,Edematous areola,Health_50,0.02,0.04,0.02,0.12,0.08,0.04,0.02,0.06,0.04,0.02,0.06,0.06,0.02,0.06,0.04,0.02,0.0,0.02,0.04,0.02,0.06,0.0,0.1,0.1,0.12,0.04,0.04
bloomfilter,BigBaseline02,European Society for Clinical Nutrition and Metabolism,Health_50,0.0,0.02,0.02,0.0,0.04,0.04,0.02,0.06,0.02,0.04,0.04,0.04,0.04,0.04,0.0,0.02,0.04,0.04,0.06,0.04,0.06,0.04,0.38,0.36,0.4,0.0,0.02
bloomfilter,BigBaseline02,Glycemic load,Health_50,0.04,0.02,0.08,0.18,0.02,0.08,0.06,0.1,0.06,0.08,0.1,0.06,0.02,0.1,0.08,0.08,0.04,0.02,0.06,0.08,0.24,0.02,0.78,0.84,0.82,0.04,0.04
bloomfilter,BigBaseline02,Health regions of Canada,Health_50,0.0,0.0,0.0,0.0,0.0,0.0,0.0,0.0,0.0,0.0,0.0,0.0,0.0,0.0,0.0,0.0,0.0,0.0,0.0,0.0,0.04,0.0,0.18,0.18,0.18,0.0,0.0
bloomfilter,BigBaseline02,Health services research,Health_50,0.02,0.04,0.06,0.08,0.06,0.06,0.02,0.14,0.12,0.04,0.14,0.06,0.04,0.08,0.02,0.06,0.04,0.02,0.08,0.04,0.28,0.04,0.82,0.94,0.94,0.06,0.0
bloomfilter,BigBaseline02,Infant and toddler safety,Health_50,0.08,0.06,0.1,0.16,0.06,0.12,0.06,0.2,0.08,0.14,0.14,0.08,0.08,0.16,0.1,0.1,0.04,0.08,0.14,0.18,0.38,0.02,0.74,0.76,0.76,0.1,0.1
bloomfilter,BigBaseline02,Innovative Vector Control Consortium,Health_50,0.04,0.04,0.08,0.16,0.1,0.12,0.0,0.08,0.14,0.08,0.14,0.1,0.04,0.06,0.02,0.02,0.06,0.02,0.06,0.06,0.18,0.0,0.44,0.5,0.52,0.08,0.02
bloomfilter,BigBaseline02,Inverse care law,Health_50,0.0,0.02,0.02,0.04,0.04,0.02,0.04,0.06,0.02,0.04,0.0,0.0,0.06,0.02,0.0,0.02,0.02,0.02,0.04,0.02,0.08,0.06,0.18,0.2,0.24,0.02,0.02
bloomfilter,BigBaseline02,Laboratory information management system,Health_50,0.02,0.02,0.12,0.1,0.1,0.1,0.08,0.16,0.14,0.14,0.1,0.08,0.06,0.02,0.04,0.04,0.0,0.0,0.08,0.04,0.3,0.0,0.72,0.86,0.94,0.08,0.0
bloomfilter,BigBaseline02,Mental Health Awareness Month,Health_50,0.0,0.06,0.08,0.14,0.12,0.18,0.04,0.12,0.08,0.06,0.16,0.16,0.1,0.04,0.04,0.06,0.1,0.14,0.16,0.1,0.26,0.06,0.5,0.48,0.52,0.02,0.12
bloomfilter,BigBaseline02,Moral injury,Health_50,0.02,0.06,0.02,0.12,0.1,0.12,0.02,0.08,0.08,0.06,0.16,0.1,0.12,0.12,0.02,0.08,0.1,0.16,0.16,0.18,0.3,0.08,0.76,0.78,0.82,0.04,0.08
bloomfilter,BigBaseline02,Naegele obliquity,Health_50,0.0,0.02,0.02,0.02,0.0,0.0,0.0,0.0,0.02,0.02,0.0,0.0,0.04,0.02,0.02,0.02,0.0,0.0,0.02,0.02,0.02,0.02,0.02,0.08,0.06,0.02,0.02
bloomfilter,BigBaseline02,Occupational health concerns of cannabis use,Health_50,0.0,0.08,0.04,0.14,0.12,0.16,0.06,0.16,0.08,0.06,0.12,0.1,0.02,0.04,0.02,0.08,0.1,0.02,0.18,0.12,0.3,0.02,0.88,0.82,0.9,0.12,0.04
bloomfilter,BigBaseline02,Online social support,Health_50,0.06,0.02,0.0,0.04,0.04,0.1,0.04,0.08,0.06,0.08,0.02,0.06,0.1,0.04,0.04,0.02,0.02,0.06,0.08,0.08,0.12,0.04,0.26,0.3,0.34,0.02,0.06
bloomfilter,BigBaseline02,PAS 43,Health_50,0.0,0.0,0.0,0.0,0.0,0.0,0.0,0.0,0.0,0.0,0.0,0.0,0.0,0.0,0.0,0.0,0.0,0.0,0.0,0.0,0.0,0.0,0.02,0.02,0.02,0.0,0.0
bloomfilter,BigBaseline02,Perineal massage,Health_50,0.04,0.08,0.14,0.18,0.16,0.18,0.1,0.24,0.12,0.18,0.22,0.14,0.18,0.18,0.2,0.2,0.06,0.02,0.2,0.14,0.32,0.12,0.66,0.7,0.74,0.18,0.1
bloomfilter,BigBaseline02,Physical disability,Health_50,0.06,0.12,0.12,0.34,0.12,0.14,0.02,0.08,0.18,0.12,0.14,0.16,0.16,0.3,0.14,0.2,0.1,0.16,0.2,0.24,0.22,0.08,0.6,0.48,0.48,0.1,0.1
bloomfilter,BigBaseline02,Pregnant patients' rights,Health_50,0.0,0.08,0.02,0.12,0.14,0.12,0.0,0.16,0.12,0.08,0.1,0.1,0.12,0.14,0.02,0.04,0.06,0.08,0.16,0.1,0.26,0.06,0.78,0.86,0.9,0.04,0.1
bloomfilter,BigBaseline02,Progressive disease,Health_50,0.02,0.0,0.0,0.04,0.02,0.02,0.0,0.02,0.04,0.0,0.04,0.02,0.02,0.04,0.02,0.04,0.02,0.04,0.04,0.04,0.14,0.02,0.3,0.28,0.28,0.0,0.02
bloomfilter,BigBaseline02,Self-rated health,Health_50,0.02,0.02,0.02,0.06,0.02,0.04,0.02,0.04,0.04,0.06,0.02,0.04,0.02,0.04,0.0,0.04,0.02,0.02,0.06,0.02,0.12,0.02,0.44,0.56,0.58,0.02,0.02
bloomfilter,BigBaseline02,"Sexualization, Media, and Society",Health_50,0.04,0.06,0.02,0.06,0.06,0.08,0.04,0.08,0.02,0.02,0.04,0.06,0.02,0.04,0.0,0.04,0.04,0.06,0.08,0.06,0.06,0.08,0.06,0.14,0.2,0.06,0.04
bloomfilter,BigBaseline02,The State of the World's Children,Health_50,0.02,0.04,0.08,0.06,0.06,0.08,0.06,0.06,0.08,0.02,0.12,0.04,0.04,0.04,0.0,0.06,0.02,0.0,0.04,0.06,0.14,0.04,0.58,0.62,0.62,0.06,0.04
bloomfilter,BigBaseline02,Third-party administrator,Health_50,0.0,0.06,0.1,0.14,0.2,0.16,0.0,0.24,0.02,0.1,0.16,0.14,0.06,0.02,0.02,0.04,0.12,0.08,0.18,0.16,0.3,0.02,0.8,0.8,0.88,0.14,0.0
bloomfilter,BigBaseline02,Vaginal cuff,Health_50,0.0,0.0,0.0,0.2,0.02,0.04,0.04,0.08,0.06,0.02,0.08,0.04,0.06,0.08,0.06,0.1,0.0,0.02,0.12,0.0,0.08,0.0,0.3,0.38,0.34,0.02,0.0
